,area,price,sqFt,sqFt price,Bedrooms,posted date
0," Banjara Hills, Hyderabad",3.9 crores,3388 SqFeet,11500,3 Bedroom,18 minutes ago
1," Banjara Hills, Hyderabad",2.85 crores,2477 SqFeet,11500,3 Bedroom,18 minutes ago
2," Station Township, Gachibowli",99 lakhs,1894 SqFeet,5227,3 Bedroom,
3," Station Township, Gachibowli",99 lakhs,1784 SqFeet,5549,3 Bedroom,
4," Station Township, Gachibowli",99 lakhs,1687 SqFeet,5868,3 Bedroom,
5," Station Township, Gachibowli",96 lakhs,124.86 SqMeters,,3 Bedroom,
6," Station Township, Gachibowli",99 lakhs,1432 SqFeet,6913,3 Bedroom,
7," Station Township, Gachibowli",99 lakhs,2191 SqFeet,4518,3 Bedroom,
8," Nagar Colony, Hyderabad",1.25 crore,1920 SqFeet,6510,3 Bedroom,Yesterday
9," Banjara Hills, Hyderabad",2.76 crores,2400 SqFeet,11500,3 Bedroom,3 days ago
10," in Attapur, Hyderabad",2.14 crores,2680 SqFeet,8000,3 Bedroom,3 days ago
11," in Patelguda, Hyderabad",38.58 lakhs,988 SqFeet,3905,2 Bedroom,4 days ago
12," in Muthangi, Hyderabad",30.5 lakhs,888 SqFeet,3435,2 Bedroom,5 days ago
13," in Muthangi, Hyderabad",33.88 lakhs,909 SqFeet,3727,2 Bedroom,6 days ago
14," in Muthangi, Hyderabad",36.2 lakhs,966 SqMeters,,2 Bedroom,6 days ago
15," in Kistareddypet, Hyderabad",44.2 lakhs,954 SqFeet,4633,2 Bedroom,6 days ago
16," in Satamrai, Hyderabad",44 lakhs,800 SqFeet,5500,2 Bedroom,6 days ago
17," in Indresham, Hyderabad",35.2 lakhs,977 SqFeet,3603,2 Bedroom,6 days ago
18," in Patelguda, Hyderabad",45.5 lakhs,1000 SqFeet,4550,2 Bedroom,6 days ago
19," in Beeramguda, Hyderabad",45.05 lakhs,1088 SqFeet,4141,2 Bedroom,6 days ago
20," in Gopanapalli, Hyderabad",1.17 crore,1890 SqFeet,6199,3 Bedroom,6 days ago
21," in Attapur, Hyderabad",1.31 crore,1640 SqFeet,8000,3 Bedroom,6 days ago
22," Reddy Nagar, Hyderabad",40 - 60 lacs,1100 SqFeet,,2 Bedroom,5 days ago
23," Station Township, Gachibowli",,1432 SqFeet,,2 Bedroom,
24," in Patancheru, Hyderabad",32.18 lakhs,900 SqFeet,3576,2 Bedroom,7 days ago
25," Chanda Nagar, Hyderabad",42.55 lakhs,1199 SqFeet,3549,2 Bedroom,7 days ago
26," in Indresham, Hyderabad",33.1 lakhs,908 SqFeet,3645,2 Bedroom,7 days ago
27," in Indresham, Hyderabad",44.8 lakhs,1288 SqFeet,3478,3 Bedroom,7 days ago
28," in Muthangi, Hyderabad",32.5 lakhs,906 SqFeet,3587,2 Bedroom,7 days ago
29," in Kistareddypet, Hyderabad",35.18 lakhs,918 SqFeet,3832,2 Bedroom,8 days ago
30," in Kistareddypet, Hyderabad",36.18 lakhs,999 SqFeet,3622,2 Bedroom,7 days ago
31," in Beeramguda, Hyderabad",45.18 lakhs,944 SqFeet,4786,2 Bedroom,8 days ago
32," in Beeramguda, Hyderabad",45.2 lakhs,958 SqFeet,4718,2 Bedroom,8 days ago
33," in Patelguda, Hyderabad",35.05 lakhs,918 SqFeet,3818,2 Bedroom,9 days ago
34," in Patancheru, Hyderabad",34.25 lakhs,912 SqFeet,3755,2 Bedroom,9 days ago
35," in Kistareddypet, Hyderabad",35.15 lakhs,914 SqFeet,3846,2 Bedroom,9 days ago
36," in Kukatpally, Hyderabad",56 lakhs,1230 SqFeet,4553,2 Bedroom,Yesterday
37," in Hydershakote, Hyderabad",68 lakhs,1155 SqFeet,5887,2 Bedroom,Yesterday
38," Hitech City, Hyderabad",1.36 crore,1820 SqFeet,7499,3 Bedroom,13 days ago
39," in Moosapet, Hyderabad",1.12 crore,1500 SqFeet,7499,2 Bedroom,Yesterday
40," in Kokapet, Hyderabad",68 lakhs,1350 SqFeet,5037,2 Bedroom,Yesterday
41," in Patancheru, Hyderabad",37.47 lakhs,1108 SqFeet,3382,2 Bedroom,15 days ago
42," in Madhapur, Hyderabad",1.35 crore,1560 SqFeet,8654,3 Bedroom,6 days ago
43," in Muthangi, Hyderabad",38.4 lakhs,1078 SqFeet,3562,2 Bedroom,15 days ago
44," in Indresham, Hyderabad",36.66 lakhs,1019 SqFeet,3598,2 Bedroom,15 days ago
45," in Indresham, Hyderabad",36.16 lakhs,1018 SqFeet,3552,2 Bedroom,16 days ago
46," in Muthangi, Hyderabad",35.18 lakhs,1011 SqFeet,3480,2 Bedroom,16 days ago
47," in Kukatpally, Hyderabad",75.6 lakhs,1260 SqFeet,6000,2 Bedroom,6 days ago
48," in Attapur, Hyderabad",4.28 crores,5345 SqFeet,8000,4 Bedroom,16 days ago
49,,1.19 crore,1250 SqFeet,9500,2 Bedroom,4 days ago
50," in Patelguda, Hyderabad",38.16 lakhs,1019 SqFeet,3745,2 Bedroom,16 days ago
51," in Kondapur, Hyderabad",80 lakhs,1300 SqFeet,6154,2 Bedroom,7 days ago
52," in Kondapur, Hyderabad",1.4 crore,2200 SqFeet,6364,3 Bedroom,7 days ago
53," Banjara Hills, Hyderabad",4.93 crores,4287 SqFeet,11500,4 Bedroom,17 days ago
54," Gaghan Pahad, Hyderabad",75.17 lakhs,1285 SqFeet,5850,2 Bedroom,17 days ago
55," Vinay Iconia, Kondapur",1.5 crore,1775 SqFeet,8451,3 Bedroom,6 days ago
56," in Tellapur, Hyderabad",57 lakhs,1315 SqFeet,4335,2 Bedroom,9 days ago
57," Pacifica Hillcrest, Gachibowli",1.19 crore,1250 SqFeet,9500,2 Bedroom,6 days ago
58," Banjara Hills, Hyderabad",1.2 crore,1926 SqFeet,6231,3 Bedroom,7 days ago
59," Jubilee Hills, Hyderabad",5 crores,3299 SqFeet,15156,3 Bedroom,7 days ago
60," in Tellapur, Hyderabad",75 lakhs,1280 SqFeet,5859,2 Bedroom,10 days ago
61," in Manikonda, Hyderabad",65 lakhs,1200 SqFeet,5417,2 Bedroom,7 days ago
62," in Kistareddypet, Hyderabad",39.35 lakhs,1018 SqFeet,3865,2 Bedroom,20 days ago
63," in Narsingi, Hyderabad",2 crores,2255 SqFeet,8869,3 Bedroom,7 days ago
64," in Manikonda, Hyderabad",75 lakhs,1280 SqFeet,5859,2 Bedroom,11 days ago
65," in Narsingi, Hyderabad",90.4 lakhs,1310 SqFeet,6901,2 Bedroom,11 days ago
66," in Somajiguda, Hyderabad",4 crores,3278 SqFeet,12203,3 Bedroom,8 days ago
67," Hitech City, Hyderabad",1.5 - 2 crores,2450 SqFeet,,3 Bedroom,7 days ago
68," in Nanakramguda, Hyderabad",2 crores,2010 SqFeet,9950,3 Bedroom,9 days ago
69," in Indresham, Hyderabad",39.88 lakhs,1140 SqFeet,3498,2 Bedroom,22 days ago
70," in Pocharam, Hyderabad",44.15 lakhs,1088 SqFeet,4058,2 Bedroom,22 days ago
71," in Kistareddypet, Hyderabad",37.33 lakhs,1038 SqFeet,3596,2 Bedroom,22 days ago
72," in Muthangi, Hyderabad",38.15 lakhs,975 SqFeet,3913,2 Bedroom,22 days ago
73," in Muthangi, Hyderabad",42.1 lakhs,1016 SqFeet,4144,2 Bedroom,22 days ago
74," in Muthangi, Hyderabad",32.32 lakhs,1001 SqFeet,3229,2 Bedroom,23 days ago
75," Rajendra Nagar, Hyderabad",85 lakhs,1506 SqFeet,5644,3 Bedroom,23 days ago
76," in Serilingampally, Hyderabad",1.33 crore,1824 SqFeet,7299,3 Bedroom,23 days ago
77," Bandlaguda Jagir, Hyderabad",69.3 lakhs,1136 SqFeet,6100,2 Bedroom,23 days ago
78," in Aminpur, Hyderabad",90 lakhs,1509 SqFeet,5964,3 Bedroom,10 days ago
79," in Gopanapalli, Hyderabad",1.05 crore,1690 SqFeet,6199,3 Bedroom,23 days ago
80," in Gopanapalli, Hyderabad",1.17 crore,1890 SqFeet,6199,3 Bedroom,23 days ago
81," in Gopanapalli, Hyderabad",79.97 lakhs,1290 SqFeet,6199,2 Bedroom,23 days ago
82," Candeur Cresent, Lingampally",1.6 crore,1600 SqFeet,10000,3 Bedroom,10 days ago
83," in Patancheru, Hyderabad",38.38 lakhs,1038 SqFeet,3697,2 Bedroom,23 days ago
84," in Bachupally, Hyderabad",95.7 lakhs,1595 SqFeet,6000,3 Bedroom,23 days ago
85," in Kokapet, Hyderabad",83.85 lakhs,1290 SqFeet,6500,2 Bedroom,23 days ago
86," in Kokapet, Hyderabad",1.8 crore,2210 SqFeet,8145,3 Bedroom,10 days ago
87," in Tellapur, Hyderabad",75.6 lakhs,1200 SqFeet,6300,2 Bedroom,23 days ago
88," in Kokapet, Hyderabad",78 lakhs,1280 SqFeet,6094,2 Bedroom,14 days ago
89,,62 lakhs,1080 SqFeet,5741,2 Bedroom,12 days ago
90," in Patelguda, Hyderabad",45.45 lakhs,1222 SqFeet,3719,2 Bedroom,25 days ago
91," in Muthangi, Hyderabad",38.99 lakhs,1023 SqFeet,3811,2 Bedroom,25 days ago
92," in Kistareddypet, Hyderabad",50.56 lakhs,1123 SqFeet,4502,2 Bedroom,25 days ago
93," in Satamrai, Hyderabad",83.07 lakhs,1420 SqFeet,5850,2 Bedroom,25 days ago
94," Bandlaguda Suncity, Hyderabad",85 lakhs,1400 SqFeet,6071,2 Bedroom,13 days ago
95," in Indresham, Hyderabad",46.17 lakhs,1241 SqFeet,3720,2 Bedroom,25 days ago
96," in Hafeezpet, Hyderabad",1.28 crore,1710 SqFeet,7499,3 Bedroom,26 days ago
97," in Gopanapalli, Hyderabad",65 lakhs,1300 SqFeet,5000,2 Bedroom,13 days ago
98," Gardenia Towers, Kompalli",68.95 lakhs,1300 SqFeet,5304,2 Bedroom,13 days ago
99," in Nanakramguda, Hyderabad",1.5 crore,1800 SqFeet,8333,3 Bedroom,18 days ago
100," in Muthangi, Hyderabad",39.18 lakhs,1199 SqFeet,3268,2 Bedroom,26 days ago
101," in Indresham, Hyderabad",40.4 lakhs,1244 SqFeet,3248,2 Bedroom,27 days ago
102," in Aminpur, Hyderabad",86 lakhs,1509 SqFeet,5699,3 Bedroom,28 days ago
103," in Beeramguda, Hyderabad",39.55 lakhs,1173 SqFeet,3372,2 Bedroom,27 days ago
104," in Beeramguda, Hyderabad",45.55 lakhs,1255 SqFeet,3629,2 Bedroom,28 days ago
105," in Patelguda, Hyderabad",40.35 lakhs,1108 SqFeet,3642,2 Bedroom,28 days ago
106," in Aminpur, Hyderabad",50 lakhs,1197 SqYards,,2 Bedroom,16 days ago
107," in Kistareddypet, Hyderabad",46.35 lakhs,1205 SqFeet,3846,2 Bedroom,28 days ago
108," in Muthangi, Hyderabad",46.11 lakhs,1111 SqFeet,4150,2 Bedroom,28 days ago
109," in Muthangi, Hyderabad",32.25 lakhs,1044 SqFeet,3089,2 Bedroom,29 days ago
110," in Indresham, Hyderabad",32 lakhs,950 SqFeet,3368,2 Bedroom,Jul 17
111," in Patancheru, Hyderabad",46.47 lakhs,1172 SqFeet,3965,2 Bedroom,29 days ago
112," in Beeramguda, Hyderabad",45 lakhs,1000 SqFeet,4500,2 Bedroom,Jul 17
113," in Aminpur, Hyderabad",60 lakhs,1449 SqFeet,4141,3 Bedroom,21 days ago
114," in Kollur, Hyderabad",5 - 10 crores,300 SqYards,,2 Bedroom,17 days ago
115," in Kismatpur, Hyderabad",3.25 crores,5000 SqFeet,6500,4 Bedroom,23 days ago
116," in Tellapur, Hyderabad",57 lakhs,1320 SqFeet,4318,2 Bedroom,23 days ago
117," in Kistareddypet, Hyderabad",49.52 lakhs,1355 SqFeet,3655,3 Bedroom,Jul 14
118," in Indresham, Hyderabad",42.55 lakhs,1322 SqFeet,3219,3 Bedroom,Jul 14
119," in Muthangi, Hyderabad",37.47 lakhs,1142 SqFeet,3281,2 Bedroom,Jul 14
120," in Patelguda, Hyderabad",48.99 lakhs,1092 SqFeet,4487,2 Bedroom,Jul 14
121," in Gandipet, Hyderabad",1.8 crore,2540 SqFeet,7087,3 Bedroom,21 days ago
122," in Kondapur, Hyderabad",2 crores,2415 SqFeet,8282,3 Bedroom,21 days ago
123," KPHB Colony, Hyderabad",40 lakhs,603 SqFeet,6633,2 Bedroom,20 days ago
124," in Patancheru, Hyderabad",38.78 lakhs,1255 SqFeet,3090,2 Bedroom,Jul 13
125," in Beeramguda, Hyderabad",38.78 lakhs,1142 SqFeet,3396,2 Bedroom,Jul 13
126," in Yadagirigutta, Hyderabad",26 lakhs,450 SqFeet,5778,1 Bedroom,22 days ago
127," in Muthangi, Hyderabad",34.35 lakhs,1144 SqFeet,3003,2 Bedroom,Jul 13
128," in Kistareddypet, Hyderabad",41.27 lakhs,926 SqFeet,4456,2 Bedroom,Jul 13
129," in Indresham, Hyderabad",32 lakhs,950 SqYards,,2 Bedroom,Jul 12
130," in Indresham, Hyderabad",45 lakhs,1355 SqFeet,3321,3 Bedroom,Jul 13
131," in Beeramguda, Hyderabad",56 lakhs,1100 SqFeet,5091,2 Bedroom,Jul 11
132," in Isnapur, Hyderabad",40 - 60 lacs,1030 SqFeet,,2 Bedroom,23 days ago
133," in Indresham, Hyderabad",33.15 lakhs,1128 SqFeet,2939,2 Bedroom,Jul 10
134," Alkapur Township, Hyderabad",85 lakhs,1350 SqFeet,6296,3 Bedroom,27 days ago
135," in Kokapet, Hyderabad",60 lacs - 1 crore,1500 SqFeet,,2 Bedroom,28 days ago
136," in Patancheru, Hyderabad",39.12 lakhs,1125 SqFeet,3477,2 Bedroom,Jul 8
137," Alkapur Township, Hyderabad",87 lakhs,1444 SqFeet,6025,3 Bedroom,27 days ago
138," in Muthangi, Hyderabad",40.12 lakhs,1012 SqFeet,3964,2 Bedroom,Jul 8
139," in Muthangi, Hyderabad",41.12 lakhs,1015 SqFeet,4051,2 Bedroom,Jul 8
140," in Muthangi, Hyderabad",31.45 lakhs,1000 SqFeet,3145,2 Bedroom,Jul 6
141," in Indresham, Hyderabad",32.9 lakhs,1024 SqFeet,3213,2 Bedroom,Jul 6
142," in Indresham, Hyderabad",32.12 lakhs,1018 SqFeet,3155,2 Bedroom,Jul 6
143," in Indresham, Hyderabad",34.14 lakhs,985 SqFeet,3466,2 Bedroom,Jul 6
144," in Patancheru, Hyderabad",32.45 lakhs,1008 SqFeet,3219,2 Bedroom,Jul 6
145," in Beeramguda, Hyderabad",36.55 lakhs,935 SqFeet,3909,2 Bedroom,Jul 4
146," Cloud 33, Bachupally",90 lakhs,1533 SqFeet,5871,3 Bedroom,Jul 13
147," in Indresham, Hyderabad",35.8 lakhs,955 SqFeet,3749,2 Bedroom,Jul 4
148," in Muthangi, Hyderabad",30.5 lakhs,962 SqFeet,3170,2 Bedroom,Jul 5
149," in Muthangi, Hyderabad",35.55 lakhs,950 SqFeet,3742,2 Bedroom,Jul 4
150," in Kistareddypet, Hyderabad",35.25 lakhs,910 SqFeet,3874,2 Bedroom,Jul 3
151," in Kistareddypet, Hyderabad",35.35 lakhs,920 SqFeet,3842,2 Bedroom,Jul 3
152," in Aminpur, Hyderabad",80 lakhs,1550 SqFeet,5161,3 Bedroom,Jul 11
153," in Nagole, Hyderabad",53.25 lakhs,1065 SqFeet,5000,2 Bedroom,Jul 14
154," in Beeramguda, Hyderabad",41.45 lakhs,1248 SqFeet,3321,2 Bedroom,Jul 1
155," in Aminpur, Hyderabad",54 lakhs,1108 SqFeet,4874,2 Bedroom,Jun 30
156," in Aminpur, Hyderabad",55 lakhs,1112 SqFeet,4946,2 Bedroom,Jun 30
157," Cloud 33, Bachupally",90 lakhs,1533 SqFeet,5871,3 Bedroom,
158," in Kukatpally, Hyderabad",1.1 crore,1149 SqFeet,9574,2 Bedroom,Jul 12
159," in Serilingampally, Hyderabad",1.7 crore,2656 SqFeet,6401,3 Bedroom,Jul 13
160," Road area, Hyderabad",60 lakhs,1220 SqFeet,4918,2 Bedroom,Jul 14
161," in Kistareddypet, Hyderabad",40.7 lakhs,1200 SqFeet,3392,2 Bedroom,Jul 1
162," in Kistareddypet, Hyderabad",56.75 lakhs,1444 SqFeet,3930,3 Bedroom,Jul 1
163," in Kistareddypet, Hyderabad",90 lakhs,1177 SqFeet,7647,2 Bedroom,Jun 30
164," in Muthangi, Hyderabad",38.7 lakhs,1207 SqFeet,3206,2 Bedroom,Jul 1
165," in Indresham, Hyderabad",39.89 lakhs,1182 SqFeet,3375,2 Bedroom,Jul 1
166," in Pocharam, Hyderabad",37.14 lakhs,1091 SqFeet,3404,2 Bedroom,Jul 1
167," in Kistareddypet, Hyderabad",37.77 lakhs,1056 SqFeet,3577,2 Bedroom,Jun 29
168," in Aminpur, Hyderabad",53 lakhs,1102 SqFeet,4809,2 Bedroom,Jun 29
169," in Isnapur, Hyderabad",41 lakhs,1040 SqFeet,3942,2 Bedroom,Jul 12
170," in Patelguda, Hyderabad",44 lakhs,1128 SqFeet,3901,2 Bedroom,Jun 28
171," in Patancheru, Hyderabad",35.1 lakhs,1132 SqFeet,3101,2 Bedroom,Jun 29
172," in Kistareddypet, Hyderabad",35.3 lakhs,1043 SqFeet,3384,2 Bedroom,Jun 29
173," in Kistareddypet, Hyderabad",43.45 lakhs,1000 SqFeet,4345,2 Bedroom,Jun 28
174," in Muthangi, Hyderabad",32 lakhs,912 SqFeet,3509,2 Bedroom,Jun 29
175," in Patancheru, Hyderabad",40.22 lakhs,1095 SqFeet,3673,2 Bedroom,Jun 27
176," Prestige Clairemont, Kokapet",1.8 crore,2126 SqFeet,8467,3 Bedroom,Jul 6
177," in Tellapur, Hyderabad",60 lacs - 1 crore,1500 SqFeet,,2 Bedroom,Jul 7
178," Candeur Cresent, Lingampally",1.5 crore,2656 SqFeet,5648,3 Bedroom,Jul 9
179," in Gachibowli, Hyderabad",60 lacs - 1 crore,1500 SqFeet,,2 Bedroom,Jul 7
180," in Indresham, Hyderabad",44.22 lakhs,980 SqFeet,4512,2 Bedroom,Jun 26
181," in Indresham, Hyderabad",39.44 lakhs,1175 SqFeet,3357,2 Bedroom,Jun 26
182," in Narsingi, Hyderabad",87.84 lakhs,1440 SqFeet,6100,3 Bedroom,Jun 26
183," in Narsingi, Hyderabad",1.55 crore,2388 SqFeet,6500,3 Bedroom,Jun 24
184," in Indresham, Hyderabad",37.37 lakhs,1011 SqFeet,3696,2 Bedroom,Jun 24
185," in Muthangi, Hyderabad",35.1 lakhs,1086 SqFeet,3232,2 Bedroom,Jun 24
186," in Kistareddypet, Hyderabad",46.75 lakhs,1382 SqFeet,3383,3 Bedroom,Jun 24
187," in Muthangi, Hyderabad",39.39 lakhs,1126 SqFeet,3498,2 Bedroom,Jun 23
188," in Gachibowli, Hyderabad",60 lacs - 1 crore,1500 SqFeet,,2 Bedroom,Jul 7
189," in Shamshabad, Hyderabad",55 lakhs,945 SqYards,,2 Bedroom,Jul 3
190," in Patancheru, Hyderabad",38.38 lakhs,1111 SqFeet,3455,2 Bedroom,Jun 23
191," in Patancheru, Hyderabad",38.65 lakhs,965 SqFeet,4005,2 Bedroom,Jun 23
192," in Patancheru, Hyderabad",43.55 lakhs,950 SqFeet,4584,2 Bedroom,Jun 22
193," in Narsingi, Hyderabad",88.82 lakhs,1615 SqFeet,5500,3 Bedroom,Jun 22
194," in Tellapur, Hyderabad",60 lacs - 1 crore,1500 SqFeet,,2 Bedroom,Jul 6
195," in Tellapur, Hyderabad",60 lacs - 1 crore,1501 SqFeet,,2 Bedroom,Jul 6
196," in Kistareddypet, Hyderabad",66 lakhs,1409 SqFeet,4684,2 Bedroom,Jun 22
197," in Muthangi, Hyderabad",48 lakhs,1209 SqFeet,3970,2 Bedroom,Jun 22
198," in Indresham, Hyderabad",44 lakhs,998 SqFeet,4409,2 Bedroom,Jun 22
199," Sarovar Zenith, Nallagandla",1.85 crore,1875 SqFeet,9867,3 Bedroom,Jul 5
200," in Pocharam, Hyderabad",44.55 lakhs,1212 SqFeet,3676,2 Bedroom,Jun 21
201," in Pocharam, Hyderabad",45.35 lakhs,1190 SqFeet,3811,2 Bedroom,Jun 21
202," in Pocharam, Hyderabad",45 lakhs,1109 SqFeet,4058,2 Bedroom,Jun 22
203," in Muthangi, Hyderabad",39.55 lakhs,1066 SqFeet,3710,2 Bedroom,Jun 21
204," in Muthangi, Hyderabad",33.25 lakhs,999 SqFeet,3328,2 Bedroom,Jun 21
205," in Patancheru, Hyderabad",38.45 lakhs,1088 SqFeet,3534,2 Bedroom,Jun 21
206," in Kondapur, Hyderabad",88 lakhs,1270 SqFeet,6929,2 Bedroom,Jul 4
207," Aparna Sarovar, Nallagandla",1.8 crore,1800 SqFeet,10000,3 Bedroom,Jun 27
208," in Indresham, Hyderabad",39.45 lakhs,1189 SqFeet,3318,2 Bedroom,Jun 17
209," in Indresham, Hyderabad",39.14 lakhs,1133 SqFeet,3455,2 Bedroom,Jun 17
210," in Muthangi, Hyderabad",34 lakhs,1050 SqFeet,3238,2 Bedroom,Jun 16
211," in Muthangi, Hyderabad",38.11 lakhs,1111 SqFeet,3430,2 Bedroom,Jun 17
212," in Muthangi, Hyderabad",45.45 lakhs,1425 SqFeet,3189,3 Bedroom,Jun 17
213," in Patancheru, Hyderabad",35.35 lakhs,1205 SqFeet,2934,2 Bedroom,Jun 16
214," in Aminpur, Hyderabad",39.66 lakhs,1033 SqFeet,3839,2 Bedroom,Jun 16
215," in Aminpur, Hyderabad",39.75 lakhs,1075 SqFeet,3698,2 Bedroom,Jun 16
216," in Beeramguda, Hyderabad",37.85 lakhs,1233 SqFeet,3070,2 Bedroom,Jun 16
217," in Beeramguda, Hyderabad",34 lakhs,1180 SqFeet,2881,2 Bedroom,Jun 15
218," in Patelguda, Hyderabad",40.1 lakhs,1202 SqFeet,3336,2 Bedroom,Jun 15
219," in Aminpur, Hyderabad",90 lakhs,1333 SqFeet,6752,3 Bedroom,Jun 28
220," in Kistareddypet, Hyderabad",34 lakhs,1150 SqFeet,2957,2 Bedroom,Jun 15
221," in Kistareddypet, Hyderabad",36.56 lakhs,1125 SqFeet,3249,2 Bedroom,Jun 15
222," in Indresham, Hyderabad",34 lakhs,1100 SqFeet,3091,2 Bedroom,Jun 15
223," Raheja Vistas, Nacharam",92 lakhs,1390 SqFeet,6619,3 Bedroom,Jun 27
224," in Nallagandla, Hyderabad",98 lakhs,1380 SqFeet,7101,2 Bedroom,Jun 28
225," in Kistareddypet, Hyderabad",34 lakhs,1000 SqFeet,3400,2 Bedroom,Jun 14
226," in Kistareddypet, Hyderabad",37.47 lakhs,1148 SqFeet,3264,2 Bedroom,Jun 13
227," in Patancheru, Hyderabad",39.18 lakhs,1135 SqFeet,3452,2 Bedroom,Jun 13
228," Pragathi Nagar, Hyderabad",65 lakhs,1260 SqFeet,5159,2 Bedroom,Jun 22
229," One Harmony, Pragathi",1.08 crore,1540 SqFeet,7000,3 Bedroom,Jun 22
230," in Muthangi, Hyderabad",44.5 lakhs,1144 SqFeet,3890,2 Bedroom,Jun 13
231," in Indresham, Hyderabad",45.35 lakhs,1135 SqFeet,3996,2 Bedroom,Jun 13
232," in Indresham, Hyderabad",47.55 lakhs,1018 SqFeet,4671,2 Bedroom,Jun 12
233," in Beeramguda, Hyderabad",44 lakhs,1278 SqFeet,3443,2 Bedroom,Jun 12
234," One Harmony, Pragathi",80 lakhs,1155 SqFeet,6926,2 Bedroom,Jun 19
235," One Harmony, Pragathi",80.85 lakhs,1155 SqFeet,7000,2 Bedroom,Jun 22
236," in Kokapet, Hyderabad",1 - 1.5 crores,1800 SqFeet,,3 Bedroom,Jun 23
237," in Indresham, Hyderabad",40.35 lakhs,1100 SqFeet,3668,2 Bedroom,Jun 9
238," in Muthangi, Hyderabad",38.75 lakhs,1095 SqFeet,3539,2 Bedroom,Jun 9
239," in Kistareddypet, Hyderabad",45.75 lakhs,1011 SqFeet,4525,2 Bedroom,Jun 6
240," in Kistareddypet, Hyderabad",45.4 lakhs,1355 SqFeet,3351,3 Bedroom,Jun 7
241," in Muthangi, Hyderabad",31.22 lakhs,1122 SqFeet,2783,2 Bedroom,Jun 7
242," in Indresham, Hyderabad",34.15 lakhs,1205 SqFeet,2834,2 Bedroom,Jun 7
243," in Indresham, Hyderabad",38.72 lakhs,1110 SqFeet,3488,2 Bedroom,Jun 6
244," in Beeramguda, Hyderabad",50.88 lakhs,1088 SqFeet,4676,2 Bedroom,Jun 6
245," in Patancheru, Hyderabad",32.28 lakhs,1058 SqFeet,3051,2 Bedroom,Jun 7
246," in Patancheru, Hyderabad",34.68 lakhs,1046 SqFeet,3315,2 Bedroom,Jun 7
247," in Patancheru, Hyderabad",47.88 lakhs,1052 SqFeet,4551,2 Bedroom,Jun 6
248," in Patancheru, Hyderabad",39.8 lakhs,1190 SqFeet,3345,2 Bedroom,Jun 6
249," in Patancheru, Hyderabad",32.2 lakhs,1120 SqFeet,2875,2 Bedroom,Jun 5
250," in Patancheru, Hyderabad",33.33 lakhs,1090 SqFeet,3058,2 Bedroom,Jun 5
251," in Indresham, Hyderabad",34.55 lakhs,1028 SqFeet,3361,2 Bedroom,Jun 5
252," in Muthangi, Hyderabad",30.11 lakhs,1100 SqFeet,2737,2 Bedroom,Jun 5
253," in Muthangi, Hyderabad",32.11 lakhs,1105 SqFeet,2906,2 Bedroom,Jun 5
254," in Muthangi, Hyderabad",34.2 lakhs,1099 SqFeet,3112,2 Bedroom,Jun 3
255," in Muthangi, Hyderabad",34.22 lakhs,1122 SqFeet,3050,2 Bedroom,Jun 3
256," in Kistareddypet, Hyderabad",38.75 lakhs,919 SqFeet,4217,2 Bedroom,Jun 3
257," in Patancheru, Hyderabad",36.55 lakhs,912 SqFeet,4008,2 Bedroom,Jun 3
258," in Patelguda, Hyderabad",33.55 lakhs,908 SqFeet,3695,2 Bedroom,Jun 3
259," Pragathi Nagar, Hyderabad",40 - 60 lacs,1430 SqFeet,,3 Bedroom,Jun 17
260," Pragathi Nagar, Hyderabad",40 - 60 lacs,1450 SqFeet,,3 Bedroom,Jun 17
261," in Beeramguda, Hyderabad",50 lakhs,915 SqFeet,5464,2 Bedroom,Jun 2
262," in Kistareddypet, Hyderabad",47 lakhs,915 SqFeet,5137,2 Bedroom,Jun 2
263," in Muthangi, Hyderabad",37.42 lakhs,895 SqFeet,4181,2 Bedroom,Jun 2
264," in Indresham, Hyderabad",34.42 lakhs,902 SqFeet,3816,2 Bedroom,Jun 2
265," in Indresham, Hyderabad",32 lakhs,900 SqFeet,3556,2 Bedroom,Jun 1
266," in Muthangi, Hyderabad",37 lakhs,940 SqFeet,3936,2 Bedroom,Jun 1
267," in Muthangi, Hyderabad",32.55 lakhs,905 SqFeet,3597,2 Bedroom,Jun 1
268," in Kistareddypet, Hyderabad",38.55 lakhs,926 SqFeet,4163,2 Bedroom,May 31
269," in Kondapur, Hyderabad",1.65 crore,1654 SqFeet,9999,3 Bedroom,May 31
270," in Patancheru, Hyderabad",36.55 lakhs,916 SqFeet,3990,2 Bedroom,May 30
271," in Kondapur, Hyderabad",77.52 lakhs,1360 SqFeet,5700,2 Bedroom,Jun 8
272," in Muthangi, Hyderabad",34.55 lakhs,915 SqFeet,3776,2 Bedroom,May 29
273," in Indresham, Hyderabad",35.55 lakhs,928 SqFeet,3831,2 Bedroom,May 29
274," in Nallagandla, Hyderabad",1.04 crore,1350 SqFeet,7700,2 Bedroom,Jun 1
275," in Kistareddypet, Hyderabad",39.58 lakhs,944 SqFeet,4193,,May 22
276," in Begumpet, Hyderabad",83.05 lakhs,1510 SqFeet,5500,2 Bedroom,Jun 2
277," Nile Valley, Chanda",98 lakhs,1715 SqFeet,5714,3 Bedroom,Jun 2
278," in Aminpur, Hyderabad",40.18 lakhs,1099 SqFeet,3656,2 Bedroom,May 20
279," in Hydernagar, Hyderabad",1.06 crore,1345 SqFeet,7899,2 Bedroom,May 29
280," in Alwal, Hyderabad",62.98 lakhs,1145 SqFeet,5500,2 Bedroom,May 29
281," Chanda Nagar, Hyderabad",76.31 lakhs,1272 SqFeet,5999,2 Bedroom,May 29
282," in Bachupally, Hyderabad",96.94 lakhs,1701 SqFeet,5699,3 Bedroom,May 29
283," in Ghatkesar, Hyderabad",46.86 lakhs,1019 SqFeet,4599,2 Bedroom,May 30
284," in Miyapur, Hyderabad",58.3 lakhs,1100 SqFeet,5300,2 Bedroom,May 26
285," in Bachupally, Hyderabad",78 lakhs,1900 SqFeet,4105,3 Bedroom,May 30
286," Orange Estella, Karmanghat",1.58 crore,2430 SqFeet,6500,3 Bedroom,May 26
287," in Narapally, Hyderabad",87.53 lakhs,1621 SqFeet,5400,3 Bedroom,May 29
288," Aditya Athena, Shaikpet",1.51 crore,1770 SqFeet,8549,3 Bedroom,May 26
289," Bandlaguda Jagir, Hyderabad",57.8 lakhs,1066 SqFeet,5422,2 Bedroom,May 29
290," in Nallagandla, Hyderabad",99.41 lakhs,1265 SqFeet,7858,2 Bedroom,May 29
291," in Muthangi, Hyderabad",36.52 lakhs,976 SqFeet,3742,2 Bedroom,May 15
292," in Patelguda, Hyderabad",35.15 lakhs,918 SqFeet,3829,2 Bedroom,May 15
293," in Patancheru, Hyderabad",3.52 lakhs,952 SqFeet,370,2 Bedroom,May 15
294," in Attapur, Hyderabad",,1920 SqFeet,,3 Bedroom,May 29
295," Bandlaguda Jagir, Hyderabad",64.95 lakhs,1209 SqFeet,5372,2 Bedroom,May 26
296," Bandlaguda Jagir, Hyderabad",93.24 lakhs,1554 SqFeet,6000,3 Bedroom,May 26
297," Banjara Hills, Hyderabad",2.21 crores,1920 SqFeet,11500,3 Bedroom,May 26
298," in Puppalaguda, Hyderabad",1.43 crore,2040 SqFeet,6994,3 Bedroom,May 26
299," in Alwal, Hyderabad",93.55 lakhs,1610 SqFeet,5811,3 Bedroom,May 26
300," Orange Estella, Karmanghat",1.58 crore,2430 SqFeet,6500,3 Bedroom,
301," in Kapra, Hyderabad",46.6 lakhs,1004 SqFeet,4641,2 Bedroom,May 25
302," Muppas Melody, Tellapur",68.62 lakhs,1010 SqFeet,6794,2 Bedroom,May 25
303," in Malkajgiri, Hyderabad",45 lakhs,910 SqFeet,4945,2 Bedroom,May 25
304," in Kismatpur, Hyderabad",,1092 SqFeet,,2 Bedroom,May 26
305," Dilsukh Nagar, Hyderabad",60.5 lakhs,1210 SqFeet,5000,2 Bedroom,May 24
306," Hallmark Pinnacle, Patighanpur",1 - 1.5 crores,1700 SqFeet,,3 Bedroom,May 22
307," in Kistareddypet, Hyderabad",35.7 lakhs,990 SqFeet,3606,2 Bedroom,May 8
308," in Indresham, Hyderabad",36.7 lakhs,988 SqFeet,3715,2 Bedroom,May 8
309," Chanda Nagar, Hyderabad",60 lacs - 1 crore,1560 SqFeet,,3 Bedroom,May 19
310," Spaces Ameya, Miyapur",68.96 lakhs,1210 SqFeet,5699,2 Bedroom,May 2
311," in Kokapet, Hyderabad",2.1 crores,2630 SqFeet,7985,4 Bedroom,May 2
312," SAS Crown, Kokapet",5.84 crores,6566 SqFeet,8894,4 Bedroom,May 2
313," in Bachupally, Hyderabad",90 lakhs,1099 SqFeet,8189,2 Bedroom,May 2
314," Poulomi Avante, Kokapet",1 crore,1310 SqFeet,7634,2 Bedroom,May 2
315," in Kokapet, Hyderabad",81.27 lakhs,1290 SqFeet,6300,2 Bedroom,May 2
316," Gardenia Towers, Bowenplly",68.95 lakhs,1300 SqFeet,5304,2 Bedroom,
317," in Serilingampally, Hyderabad",89.41 lakhs,1225 SqFeet,7299,2 Bedroom,May 2
318," Aditya Athena, Shaikpet",1.45 crore,1770 SqFeet,8192,3 Bedroom,May 2
319," in Kokapet, Hyderabad",1.68 crore,1988 SqFeet,8451,3 Bedroom,May 1
320," in Miyapur, Hyderabad",1.08 crore,1590 SqFeet,6792,3 Bedroom,May 1
321," Team4 Nyla, Miyapur",86.74 lakhs,1200 SqFeet,7228,2 Bedroom,Apr 30
322," Hallmark Skyrena, Narsingi",94.06 lakhs,1325 SqFeet,7099,2 Bedroom,Apr 30
323," Sumadhura Horizon, Kondapur",2.04 crores,2475 SqFeet,8242,3 Bedroom,
324," SAS Crown, Kokapet",5.84 crores,6566 SqFeet,8894,4 Bedroom,
325," Cloud 33, Bachupally",90 lakhs,1099 SqFeet,8189,2 Bedroom,
326," Solitaire Unity, Serilingampally",89.41 lakhs,1225 SqFeet,7299,2 Bedroom,
327," Prestige Tranquil, Kokapet",1.32 crore,1765 SqFeet,7479,3 Bedroom,
328," Ramky Odessey, Kokapet",91.59 lakhs,1750 SqFeet,5234,3 Bedroom,
329," Cybercity Westbrook, Kokapet",85.99 lakhs,1075 SqFeet,7999,2 Bedroom,
330," Gem Nakshathra, Kokapet",81.27 lakhs,1290 SqFeet,6300,2 Bedroom,
331," Bollineni Bion, Kondapur",1.93 crore,1840 SqFeet,10500,3 Bedroom,
332," Bollineni Bion, Kondapur",1.49 crore,1290 SqFeet,11550,2 Bedroom,
333," Viva City, Kondapur",1.03 crore,1367 SqFeet,7500,2 Bedroom,
334," The Olympus, Nanakramguda",1.98 crore,2010 SqFeet,9851,3 Bedroom,
335," Western Springs, Nanakramguda",1.86 crore,2185 SqFeet,8513,3 Bedroom,
336,,1.35 crore,1540 SqFeet,8766,3 Bedroom,
337," Prestige Clairemont, Kokapet",1.68 crore,1988 SqFeet,8451,3 Bedroom,
338," Candeur Twins, Miyapur",1.08 crore,1590 SqFeet,6792,3 Bedroom,
339," in Isnapur, Hyderabad",59.72 lakhs,1493 SqFeet,4000,3 Bedroom,May 1
340," Candeur Cresent, Lingampally",1.25 crore,1601 SqFeet,7808,3 Bedroom,
341," Sobha Waterfront, Somajiguda",3 crores,2100 SqFeet,14286,3 Bedroom,
342," Sattva Magnus, Shaikpet",1.25 crore,1200 SqFeet,10393,2 Bedroom,
343," Aditya Athena, Shaikpet",1.45 crore,1770 SqFeet,8192,3 Bedroom,
344," Le Grandiose, Jubilee",3.64 crores,2799 SqFeet,13005,3 Bedroom,
345," Koncept Botanika, Gachibowli",2.36 crores,2626 SqFeet,8990,3 Bedroom,
346," Hallmark Skyrena, Narsingi",94.06 lakhs,1601 SqFeet,5875,3 Bedroom,
347," Team4 Nyla, Miyapur",86.74 lakhs,1200 SqFeet,7228,2 Bedroom,
348," Spaces Ameya, Miyapur",68.96 lakhs,1210 SqFeet,5699,2 Bedroom,
349," Urban One, Kokapet",2.1 crores,2630 SqFeet,7985,4 Bedroom,
350," Poulomi Avante, Kokapet",1 crore,1310 SqFeet,7634,2 Bedroom,
351," Beverly Hills, Kokapet",1.5 crore,1796 SqFeet,8352,3 Bedroom,
352," ASBL Spectra, Nanakramguda",1.62 crore,1980 SqFeet,8199,3 Bedroom,
353," Gundla Pochampally, Hyderabad",44.55 lakhs,1350 SqFeet,3300,2 Bedroom,Apr 20
354," Hallmark Treasor, Narsingi",2.82 crores,3530 SqFeet,8000,4 Bedroom,
355," Koncept Botanika, Gachibowli",7.4 crores,8234 SqFeet,8987,5 Bedroom,
356," Team4 Nyla, Miyapur",,1880 SqFeet,,3 Bedroom,
357," Greater Carnation, Miyapur",,1460 SqFeet,,3 Bedroom,
358," Greater Carnation, Miyapur",,1100 SqFeet,,2 Bedroom,
359," Heights Four, Bollarum",,1315 SqFeet,,2 Bedroom,
360," Heights Four, Bollarum",,1625 SqFeet,,3 Bedroom,
361," Oakshir Villas, Tukkuguda",,2430 SqFeet,,1 Bedroom,
362," Oakshir Villas, Tukkuguda",,2550 SqFeet,,1 Bedroom,
363," Ace Ajanta, Nagole",,1412 SqFeet,,3 Bedroom,
364," Ace Ajanta, Nagole",,1585 SqFeet,,3 Bedroom,
365," Ace Ajanta, Nagole",,1750 SqFeet,,3 Bedroom,
366," Ace Ajanta, Nagole",,2130 SqFeet,,3 Bedroom,
367," Ace Ajanta, Nagole",,1200 SqFeet,,2 Bedroom,
368," Ace Ajanta, Nagole",,1279 SqFeet,,2 Bedroom,
369," Heights 3, A",,985 SqFeet,,2 Bedroom,
370," Heights 3, A",,1855 SqFeet,,3 Bedroom,
371," Gulmohar Residency, Mallapur",,1360 SqFeet,,3 Bedroom,
372," Gulmohar Residency, Mallapur",,1660 SqFeet,,3 Bedroom,
373," Concrete Vivanta, Madinaguda",,1175 SqFeet,,2 Bedroom,
374," Concrete Vivanta, Madinaguda",,1880 SqFeet,,3 Bedroom,
375," Concrete Vivanta, Madinaguda",,1575 SqFeet,,3 Bedroom,
376," Sikhara Pride, Film",,775 SqFeet,,3 Bedroom,
377," Hallmark Pinnacle, Miyapur",,1285 SqFeet,,2 Bedroom,
378," Hallmark Pinnacle, Miyapur",,1585 SqFeet,,3 Bedroom,
379," Hallmark Pinnacle, Miyapur",,1885 SqFeet,,3 Bedroom,
380," Mayflower Platinum, Mallapur",,1500 SqFeet,,3 Bedroom,
381," Mayflower Platinum, Mallapur",,1800 SqFeet,,3 Bedroom,
382," Mayflower Platinum, Mallapur",,2140 SqFeet,,4 Bedroom,
383," Kinetic Palazzo, Nallagandla",,1109 SqFeet,,2 Bedroom,
384," Kinetic Palazzo, Nallagandla",,1912 SqFeet,,3 Bedroom,
385," ASBL Springs, Pocharam",,1475 SqFeet,,3 Bedroom,
386," ASBL Springs, Pocharam",,1210 SqFeet,,2 Bedroom,
387," ASBL Spire, Kokapet",1.41 crore,1905 SqFeet,7402,3 Bedroom,
388," ASBL Spire, Kokapet",1.57 crore,2120 SqFeet,7406,3 Bedroom,
389," Vasavi Nandanam, Jeedimetla",82 lakhs,2010 SqFeet,4080,3 Bedroom,
390," Vasavi Nandanam, Jeedimetla",65 lakhs,1235 SqFeet,5263,2 Bedroom,
391," Supriya Empire, Gajularamaram",47.8 lakhs,1040 SqFeet,4596,2 Bedroom,
392," Supriya Empire, Gajularamaram",61.87 lakhs,1345 SqFeet,4600,3 Bedroom,
393," Blossom Heights, Tolichowki",,1645 SqFeet,,3 Bedroom,
394," Blossom Heights, Tolichowki",,2475 SqFeet,,3 Bedroom,
395," GK Majestic, Secunderabad",,1695 SqFeet,,3 Bedroom,
396," GK Majestic, Secunderabad",,2267 SqFeet,,3 Bedroom,
397," Sukha Vistas, Habshiguda",,1340 SqFeet,,2 Bedroom,
398," East County, Habshiguda",,2988 SqFeet,,4 Bedroom,
399," Sukha Vistas, Habshiguda",,2135 SqFeet,,4 Bedroom,
400," East County, Habshiguda",,1633 SqFeet,,3 Bedroom,
401," Sukha Vistas, Habshiguda",,1590 SqFeet,,3 Bedroom,
402," Vertex Panache, Kokapet",,1480 SqFeet,,3 Bedroom,
403," Vertex Panache, Kokapet",,1270 SqFeet,,2 Bedroom,
404," Vajram Ixora, Gopanapalli",,1990 SqFeet,,3 Bedroom,
405," Vajram Ixora, Gopanapalli",,2640 SqFeet,,3 Bedroom,
406," Arjun Arcade, Uppal",,1500 SqFeet,,3 Bedroom,
407," Arjun Arcade, Uppal",,1750 SqFeet,,3 Bedroom,
408," Palm Woods, Gachibowli",,2550 SqFeet,,3 Bedroom,
409," The Summit, Narsingi",2.9 crores,2075 SqFeet,13976,3 Bedroom,
410," Nithya Aum, Pocharam",57.6 lakhs,1152 SqFeet,5000,2 Bedroom,
411," Vasavi Atlantis, Narsingi",1.28 crore,2170 SqFeet,5899,3 Bedroom,
412," Vasavi Atlantis, Narsingi",1.74 crore,3030 SqFeet,5743,4 Bedroom,
413," Lake City, Hafeezpet",77 lakhs,1290 SqFeet,5969,2 Bedroom,
414," Lake City, Hafeezpet",1.07 crore,2550 SqFeet,4196,3 Bedroom,
415," Capital Gateway, Gollapally",40 lakhs,1370 SqFeet,2920,2 Bedroom,
416," Capital Gateway, Gollapally",48 lakhs,1226 SqFeet,3915,3 Bedroom,
417," Boulder Woods, Bandlaguda",95 lakhs,1741 SqFeet,5457,3 Bedroom,
418," Boulder Woods, Bandlaguda",1.35 crore,2461 SqFeet,5486,4 Bedroom,
419," Boulder Woods, Bandlaguda",74 lakhs,1451 SqFeet,5100,2 Bedroom,
420," Vasavi Metropolis, Uppal",1.11 crore,1945 SqFeet,5707,3 Bedroom,
421," Vasavi Metropolis, Uppal",60 lakhs,1065 SqFeet,5634,2 Bedroom,
422," Vasavi Signature, Kukatpally",95 lakhs,3500 SqFeet,2714,3 Bedroom,
423," Palm Cove, Uppal",52 lakhs,1444 SqFeet,3601,2 Bedroom,
424," Palm Cove, Uppal",61 lakhs,1951 SqFeet,3127,3 Bedroom,
425," Nithya Aum, Pocharam",,1850 SqFeet,,3 Bedroom,
426," GP Trends, Nanakramguda",,1680 SqFeet,,3 Bedroom,
427," Water Front, Nanakramguda",,1850 SqFeet,,3 Bedroom,
428," GP Trends, Nanakramguda",,2800 SqFeet,,4 Bedroom,
429," Water Front, Nanakramguda",,2750 SqFeet,,4 Bedroom,
430," GP Trends, Nanakramguda",,1250 SqFeet,,2 Bedroom,
431," Water Front, Nanakramguda",,1150 SqFeet,,2 Bedroom,
432," Vasavi Skyla, Kondapur",,6500 SqFeet,,5 Bedroom,
433," Vasavi Skyla, Kondapur",,2100 SqFeet,,3 Bedroom,
434," Vasavi Skyla, Kondapur",,3500 SqFeet,,4 Bedroom,
435," Sri Nialayam, LB",,998 SqFeet,,2 Bedroom,
436," Sri Nialayam, LB",,1896 SqFeet,,3 Bedroom,
437," Vasavi Urban, Bachupally",,1250 SqFeet,,2 Bedroom,
438," Ashoka Meadows, Kothur",1.05 crore,1655 SqFeet,6344,3 Bedroom,
439," Kalpataru Avante, Sanat",95.25 lakhs,1269 SqFeet,7506,2 Bedroom,
440," The Huddle, Maheshwaram",1.5 crore,1573 SqFeet,9536,3 Bedroom,
441,,68 lakhs,787 SqFeet,8640,2 Bedroom,
442," Alladin County, Sanat",70 lakhs,1000 SqFeet,7000,2 Bedroom,
443," Empress Heights, Shaikpet",1.7 crore,1700 SqFeet,10000,3 Bedroom,
444," Homes Panache, Gachibowli",1.8 crore,1945 SqFeet,9254,3 Bedroom,
445," phase I, Kukatpally",85 lakhs,1060 SqFeet,8019,2 Bedroom,
446," Capitol Heights, Hitech",1.49 crore,1860 SqFeet,8011,3 Bedroom,
447," Alladin County, Sanat",75 lakhs,1155 SqFeet,6494,2 Bedroom,
448," Aakriti Miro, Nallagandla",2.3 crores,1935 SqFeet,11886,3 Bedroom,
449," High Fields, Nanakramguda",2.5 crores,2729 SqFeet,9161,4 Bedroom,
450," Nebula Aavaas, Miyapur",19 lakhs,650 SqFeet,2923,1 Bedroom,
451," Nebula Aavaas, Miyapur",28 lakhs,950 SqFeet,2947,2 Bedroom,
452," Greenview Apartments, Maheshwaram",40 lakhs,1130 SqFeet,3540,2 Bedroom,
453," Greenview Apartments, Maheshwaram",85 lakhs,2060 SqFeet,4126,3 Bedroom,
454," Essen Platinum, Ameerpet",,2000 SqFeet,,3 Bedroom,
455," Essen Platinum, Ameerpet",,2500 SqFeet,,3 Bedroom,
456," Shriya Ambience, Kothapet",39 lakhs,995 SqFeet,3920,2 Bedroom,
457," Shriya Ambience, Kothapet",56 lakhs,1414 SqFeet,3960,3 Bedroom,
458," Aishwarya Condos, Narsingi",Below 10 lacs,1610 SqFeet,,3 Bedroom,
459," Aishwarya Condos, Narsingi",,1000 SqFeet,,2 Bedroom,
460," Muppas Aikya, Manikonda",,3011 SqFeet,,3 Bedroom,
461," Northstar Hillside, Gandipet",41.4 lakhs,4600 SqFeet,900,2 Bedroom,
462," Urban One, Kokapet",2.2 crores,199.74 SqMeters,,4 Bedroom,
463," Safe Residence, Chaderghat",,1500 SqFeet,,2 Bedroom,
464," Phase 1A, Kompalli",,930 SqFeet,,2 Bedroom,
465," Yellow Bells, Kompalli",,1294 SqFeet,,2 Bedroom,
466," Phase 1A, Kompalli",,1595 SqFeet,,3 Bedroom,
467," Yellow Bells, Kompalli",,1911 SqFeet,,3 Bedroom,
468," Ananda Lilly, Manikonda",,1555 SqFeet,,2 Bedroom,
469," Ramireddy Towers, Manikonda",74.03 lakhs,1280 SqFeet,5784,2 Bedroom,
470," Anuhar Towers, Manikonda",73.86 lakhs,1296 SqFeet,5699,2 Bedroom,
471," Nature Walk, Manikonda",58.75 lakhs,1175 SqFeet,5000,2 Bedroom,
472," Nature Walk, Manikonda",86.4 lakhs,1728 SqFeet,5000,3 Bedroom,
473," Ramireddy Towers, Manikonda",1.43 crore,2810 SqFeet,5089,3 Bedroom,
474," Anuhar Towers, Manikonda",1.1 crore,1967 SqFeet,5592,3 Bedroom,
475," Prime Residency, Attapur",56.07 lakhs,1350 SqFeet,4153,3 Bedroom,
476," Prime Residency, Attapur",40.74 lakhs,970 SqFeet,4200,2 Bedroom,
477," Garden Suites, Banjara",3.06 crores,4000 SqFeet,7650,3 Bedroom,
478," Aparna CyberLife, Nallagandla",1.17 crore,1985 SqFeet,5894,3 Bedroom,
479," Essen Elegance, Nallagandla",1.01 crore,1685 SqFeet,5994,3 Bedroom,
480," Eden Park, Nallagandla",81.22 lakhs,1805 SqFeet,4500,3 Bedroom,
481," Aparna CyberLife, Nallagandla",75.51 lakhs,1280 SqFeet,5899,2 Bedroom,
482," Essen Elegance, Nallagandla",63 lakhs,1050 SqFeet,6000,2 Bedroom,
483," Aakriti Miro, Nallagandla",74.97 lakhs,1119 SqFeet,6700,2 Bedroom,
484," Aakriti Miro, Nallagandla",1.55 crore,2162 SqFeet,7169,3 Bedroom,
485," Morning Raaga, Manikonda",1.14 crore,2700 SqFeet,4222,3 Bedroom,
486," Morning Raaga, Manikonda",68.05 lakhs,1370 SqFeet,4967,2 Bedroom,
487," Empire Meadows, Miyapur",73.97 lakhs,1370 SqFeet,5399,2 Bedroom,
488," Meda Heights, Miyapur",64.02 lakhs,1070 SqFeet,5983,2 Bedroom,
489," Meda Heights, Miyapur",96 lakhs,1600 SqFeet,6000,3 Bedroom,
490," Park Ville, Tellapur",1.05 crore,2189 SqFeet,4797,3 Bedroom,
491," Park Ville, Tellapur",72.43 lakhs,1509 SqFeet,4800,2 Bedroom,
492," of Living, Manikonda",78.18 lakhs,1261 SqFeet,6200,2 Bedroom,
493," of Living, Manikonda",1.13 crore,1827 SqFeet,6185,3 Bedroom,
494," SK Wonders, Kondapur",28.48 lakhs,712 SqFeet,4000,2 Bedroom,
495," Homes Leela, Padmarao",1.22 crore,1432 SqFeet,8520,3 Bedroom,
496," Homes Leela, Padmarao",1.82 crore,2138 SqFeet,8513,4 Bedroom,
497," SL Square, Himayath",49.1 lakhs,1755 SqFeet,2798,3 Bedroom,
498," SK Wonders, Kondapur",65.84 lakhs,1646 SqFeet,4000,3 Bedroom,
499," Shriya Pearls, Kondapur",45.22 lakhs,1350 SqFeet,3350,3 Bedroom,
500," Shriya Pearls, Kondapur",36.85 lakhs,1100 SqFeet,3350,2 Bedroom,
501," Shriya Symphony, Langar",32.03 lakhs,1001 SqFeet,3200,2 Bedroom,
502," EAPL Ventures, Saifabad",,2115 SqFeet,,3 Bedroom,
503," Yellow Stone, Manikonda",1.09 crore,2180 SqFeet,5000,3 Bedroom,
504," Sunny Side, Manikonda",93.43 lakhs,1967 SqFeet,4750,3 Bedroom,
505," Muppas Melody, Osman",57.52 lakhs,1010 SqFeet,5695,2 Bedroom,
506," Muppas Melody, Osman",97.95 lakhs,1725 SqFeet,5678,3 Bedroom,
507," Ozone Heights, Osman",1.14 crore,2205 SqFeet,5170,3 Bedroom,
508," Aparna Cyberscape, Nallagandla",1.29 crore,2070 SqFeet,6232,3 Bedroom,
509," Aparna Cyberscape, Nallagandla",83.42 lakhs,1335 SqFeet,6249,2 Bedroom,
510," Aryamitra Grasshopper, Manikonda",33.15 lakhs,1507 SqFeet,2200,3 Bedroom,
511," 99 Parc, Manikonda",1.03 crore,2100 SqFeet,4905,3 Bedroom,
512," 99 Parc, Manikonda",66.93 lakhs,1325 SqFeet,5051,2 Bedroom,
513," Homes Veda, Himayath",68.29 lakhs,1115 SqFeet,6125,3 Bedroom,
514," Raintree Abode, Lingampally",41.48 lakhs,1037 SqFeet,4000,2 Bedroom,
515," Raintree Abode, Lingampally",95 lakhs,1599 SqFeet,5941,3 Bedroom,
516," Avani Avasa, Narsingi",27.13 lakhs,1150 SqFeet,2359,2 Bedroom,
517," Suvarna Heights, Kothur",1.15 crore,1680 SqFeet,6845,3 Bedroom,
518," Shriya Serenity, Gachibowli",54 lakhs,900 SqFeet,6000,2 Bedroom,
519," District 1, Gachibowli",68.35 lakhs,1266 SqFeet,5399,3 Bedroom,
520," Shriya Serenity, Gachibowli",92.04 lakhs,1605 SqFeet,5735,3 Bedroom,
521," Tree Extension, Narsingi",85.41 lakhs,1553 SqFeet,5500,3 Bedroom,
522," Tree Extension, Narsingi",71.61 lakhs,1302 SqFeet,5500,2 Bedroom,
523," Sapphire Heights, Nallagandla",40.25 lakhs,1150 SqFeet,3500,2 Bedroom,
524," View Towers, Nallagandla",48.3 lakhs,1380 SqFeet,3500,2 Bedroom,
525," Sapphire Heights, Nallagandla",59.48 lakhs,1525 SqFeet,3900,3 Bedroom,
526," The Summit, Narsingi",1.39 crore,1860 SqFeet,7473,3 Bedroom,
527," View Towers, Nallagandla",82.95 lakhs,2370 SqFeet,3500,3 Bedroom,
528," Asbl Lakeside, Chaitanya",80.08 lakhs,1335 SqFeet,5999,2 Bedroom,
529," Asbl Lakeside, Chaitanya",1.09 crore,1826 SqFeet,5969,3 Bedroom,
530," Trend Residency, Upperpalli",42.81 lakhs,1223 SqFeet,3500,3 Bedroom,
531," Times Enclave, Attapur",38.98 lakhs,1368 SqFeet,2849,3 Bedroom,
532," ORR Heights, Kardhanur",,1259 SqFeet,,2 Bedroom,
533," ORR Heights, Kardhanur",,1840 SqFeet,,3 Bedroom,
534," ORR Heights, Kardhanur",,2860 SqFeet,,4 Bedroom,
535," Sarovar Grande, Nallagandla",1.75 crore,1970 SqFeet,8883,3 Bedroom,
536," Sarovar Grande, Nallagandla",3.31 crores,3735 SqFeet,8862,4 Bedroom,
537," Rajapushpa Atria, Gachibowli",1.8 crore,1350 SqFeet,13333,2 Bedroom,
538," Rajapushpa Atria, Gachibowli",2.24 crores,1685 SqFeet,13294,3 Bedroom,
539," Rajapushpa Atria, Gachibowli",4.6 crores,3455 SqFeet,13314,4 Bedroom,
540," Aparna Aura, Jubilee",1.15 crore,1721 SqFeet,6682,3 Bedroom,
541," Northstar Leela, Padmarao",1.22 crore,1432 SqFeet,8520,3 Bedroom,
542," Northstar Leela, Padmarao",1.82 crore,2138 SqFeet,8513,4 Bedroom,
543," Rajapushpa Regalia, Kokapet",1.3 crore,1945 SqFeet,6684,3 Bedroom,
544," Essen Marvella, Jeedimetla",72.45 lakhs,1575 SqFeet,4600,3 Bedroom,
545," Essen Marvella, Jeedimetla",49.73 lakhs,1105 SqFeet,4500,2 Bedroom,
546," Rajapushpa Imperia, Tellapur",78.29 lakhs,1350 SqFeet,5799,2 Bedroom,
547," Lake Breeze, Chanda",59.55 lakhs,1295 SqFeet,4598,2 Bedroom,
548," Silver Oaks, Chanda",83.28 lakhs,1700 SqFeet,4899,3 Bedroom,
549," Lake Breeze, Chanda",1.07 crore,2335 SqFeet,4582,3 Bedroom,
550," HillPark Avenues, Chanda",1.19 crore,1670 SqFeet,7126,3 Bedroom,
551," Rajapushpa Imperia, Tellapur",1.67 crore,2880 SqFeet,5799,3 Bedroom,
552," Silver Oaks, Chanda",60.74 lakhs,1200 SqFeet,5062,2 Bedroom,
553," HillPark Avenues, Chanda",82 lakhs,1150 SqFeet,7130,2 Bedroom,
554," Poulomi Avante, Kokapet",1.65 crore,2540 SqFeet,6496,3 Bedroom,
555," Serene Park, Kondapur",1.03 crore,1295 SqFeet,7954,2 Bedroom,
556," Serene Park, Kondapur",1.79 crore,2250 SqFeet,7956,3 Bedroom,
557," Rajapushpa Eterna, Nanakramguda",4.09 crores,2899 SqFeet,14108,4 Bedroom,
558," Rajapushpa Eterna, Nanakramguda",2.07 crores,1755 SqFeet,11795,3 Bedroom,
559," Hallmark Skyrena, Narsingi",1.46 crore,2255 SqFeet,6475,3 Bedroom,
560," Hallmark Vicinia, Narsingi",1.43 crore,2055 SqFeet,6959,3 Bedroom,
561," Bay Hills, Narsingi",1.44 crore,2635 SqFeet,5465,3 Bedroom,
562," Hallmark Skyrena, Narsingi",86.11 lakhs,1325 SqFeet,6499,2 Bedroom,
563," Hallmark Vicinia, Narsingi",82.54 lakhs,1270 SqFeet,6499,2 Bedroom,
564," Bay Hills, Narsingi",88.22 lakhs,1300 SqFeet,6786,2 Bedroom,
565," Poulomi 90, Kokapet",2.03 crores,2565 SqFeet,7914,3 Bedroom,
566," West Side, Manikonda",,2675 SqFeet,,3 Bedroom,
567," Beverly Hills, Kokapet",1.94 crore,2708 SqFeet,7164,4 Bedroom,
568," Hallmark Treasor, Narsingi",1.23 crore,1765 SqFeet,6969,3 Bedroom,
569," Hallmark Treasor, Narsingi",3.55 crores,5080 SqFeet,6988,4 Bedroom,
570," Sarovar Zicon, Nallagandla",86.78 lakhs,1240 SqFeet,6998,2 Bedroom,
571," Sarovar Zicon, Nallagandla",1.93 crore,2765 SqFeet,6980,4 Bedroom,
572," Sarovar Zicon, Nallagandla",1.07 crore,1530 SqFeet,6993,3 Bedroom,
573," Aakriti Cyan, Tellapur",91.03 lakhs,1723 SqFeet,5283,3 Bedroom,
574," Aakriti Esta, Tellapur",63.85 lakhs,1064 SqFeet,6001,2 Bedroom,
575," Aakriti Cyan, Tellapur",61.42 lakhs,1159 SqFeet,5299,2 Bedroom,
576," Samza Residency, Upperpalli",,851 SqFeet,,2 Bedroom,
577," Aparna Serenity, Kompalli",76.78 lakhs,1280 SqFeet,5998,2 Bedroom,
578," Aparna Serenity, Kompalli",1.63 crore,2730 SqFeet,5971,3 Bedroom,
579," Hills Residency, Shaikpet",,1208 SqFeet,,3 Bedroom,
580,,,1463 SqFeet,,3 Bedroom,
581," Aparna Altius, Shamshabad",80.31 lakhs,1385 SqFeet,5799,2 Bedroom,
582," Aparna Altius, Shamshabad",1.3 crore,2250 SqFeet,5778,3 Bedroom,
583," Crest Towers, Shaikpet",1.36 crore,1700 SqFeet,8000,3 Bedroom,
584," Kanopy Marigold, Kompalli",59.36 lakhs,1250 SqFeet,4749,2 Bedroom,
585," Silicon Heights, Tellapur",59.63 lakhs,1325 SqFeet,4500,2 Bedroom,
586," Silicon Heights, Tellapur",76.05 lakhs,1700 SqFeet,4474,3 Bedroom,
587," Poulomi 90, Kokapet",,3250 SqFeet,,4 Bedroom,
588," Ambience Courtyard, Manikonda",90.99 lakhs,980 SqFeet,9285,2 Bedroom,
589," Ananda Urbansdale, Manikonda",52.83 lakhs,1016 SqFeet,5200,2 Bedroom,
590," Greenspace Signature, Manikonda",34.5 lakhs,1150 SqFeet,3000,2 Bedroom,
591," Ambience Courtyard, Manikonda",1.11 crore,1640 SqFeet,6768,3 Bedroom,
592," Ananda Urbansdale, Manikonda",1.05 crore,2020 SqFeet,5198,3 Bedroom,
593," Greenspace Signature, Manikonda",55.5 lakhs,1850 SqFeet,3000,3 Bedroom,
594," Yellow Bells, Gundla",62.09 lakhs,1294 SqFeet,4798,2 Bedroom,
595," Yellow Bells, Gundla",91.07 lakhs,1911 SqFeet,4766,3 Bedroom,
596," Saptagiri Towers, Pragathi",,1080 SqFeet,,2 Bedroom,
597," Aparna Zenon, Puppalaguda",,1240 SqFeet,,2 Bedroom,
598," Aparna Zenon, Puppalaguda",,1990 SqFeet,,3 Bedroom,
599," Aparna Zenon, Puppalaguda",,2765 SqFeet,,4 Bedroom,
600," Aakriti Esta, Tellapur",,2036 SqFeet,,3 Bedroom,
601," Honey Dew, Tellapur",,2026 SqFeet,,3 Bedroom,
602," Honey Dew, Tellapur",,1058 SqFeet,,2 Bedroom,
603," Aditya Beaumont, Jubilee",1.45 crore,1700 SqFeet,8529,3 Bedroom,
604," Sun Towers, Kollur",73.87 lakhs,1296 SqFeet,5700,2 Bedroom,
605," Sun Towers, Kollur",1.05 crore,1967 SqFeet,5338,3 Bedroom,
606," Empress Heights, Shaikpet",1.09 crore,2140 SqFeet,5093,3 Bedroom,
607," Empress Heights, Shaikpet",65.89 lakhs,1292 SqFeet,5100,2 Bedroom,
608," Capitol Heights, Hitech",85.8 lakhs,1610 SqFeet,5329,3 Bedroom,
609," Aditya Heights, Hitech",92.97 lakhs,1844 SqFeet,5042,3 Bedroom,
610," Hallmark Vesta, Patighanpur",46.82 lakhs,1266 SqFeet,3698,2 Bedroom,
611," Hallmark Vesta, Patighanpur",63.1 lakhs,1706 SqFeet,3699,3 Bedroom,
612," Aparna One, Shaikpet",3.16 crores,2635 SqFeet,11992,3 Bedroom,
613," Sattva Magnus, Shaikpet",3.04 crores,2965 SqFeet,10253,4 Bedroom,
614," Aparna One, Shaikpet",6.25 crores,5216 SqFeet,11982,4 Bedroom,
615," Sattva Magnus, Shaikpet",1.77 crore,1865 SqFeet,9491,3 Bedroom,
616," Sarvani Elite, Aminpur",50.84 lakhs,1260 SqFeet,4035,3 Bedroom,
617," Sarvani Elite, Aminpur",37.35 lakhs,927 SqFeet,4029,2 Bedroom,
618," Aditya Monarch, Kondapur",,1965 SqFeet,,3 Bedroom,
619," Aditya Delmont, Shaikpet",,1700 SqFeet,,3 Bedroom,
620," Cybercity Oriana, Hitech",1.07 crore,2380 SqFeet,4496,3 Bedroom,
621," Cybercity Oriana, Hitech",89.36 lakhs,1250 SqFeet,7149,2 Bedroom,
622," Sree Heights, Yapral",78 lakhs,1330 SqFeet,5865,2 Bedroom,
623," Sree Heights, Yapral",1.8 crore,2950 SqFeet,6102,3 Bedroom,
624," Hallmark Sunnyside, Narsingi",76.22 lakhs,1210 SqFeet,6299,2 Bedroom,
625," One Harmony, Bachupally",95.68 lakhs,1595 SqFeet,5999,3 Bedroom,
626," One Harmony, Bachupally",69.29 lakhs,1155 SqFeet,5999,2 Bedroom,
627," Pramukh Elegance, Jeedimetla",59.39 lakhs,1100 SqFeet,5399,2 Bedroom,
628," Pramukh Elegance, Jeedimetla",81.52 lakhs,1510 SqFeet,5399,3 Bedroom,
629," Pramukh Elegance, Jeedimetla",1.7 crore,3150 SqFeet,5397,4 Bedroom,
630," Hallmark Sunnyside, Narsingi",1.04 crore,2228 SqFeet,4668,3 Bedroom,
631," Happening Heights, Dundigal",50.47 lakhs,1174 SqFeet,4299,2 Bedroom,
632," Spaces Ameya, Miyapur",1.01 crore,1940 SqFeet,5206,3 Bedroom,
633," Pranav Flora, Bahadurpally",49.57 lakhs,1153 SqFeet,4299,2 Bedroom,
634," Pranav Flora, Bahadurpally",,1500 SqFeet,,3 Bedroom,
635," Alladin County, Sanat",,1657 SqFeet,,3 Bedroom,
636," Happening Heights, Dundigal",,1191 SqFeet,,3 Bedroom,
637," Kowsalya Manidweepam, Bachupally",65.11 lakhs,1184 SqFeet,5499,2 Bedroom,
638," Kowsalya Manidweepam, Bachupally",1.01 crore,1832 SqFeet,5513,3 Bedroom,
639," Orange Estella, Karmanghat",1.18 crore,1963 SqFeet,6011,3 Bedroom,
640," Rajapushpa Provincia, Narsingi",98.63 lakhs,1370 SqFeet,7199,2 Bedroom,
641," Rajapushpa Provincia, Narsingi",1.23 crore,1715 SqFeet,7172,3 Bedroom,
642," Vasavi Township, Malkajgiri",64.22 lakhs,1235 SqFeet,5200,2 Bedroom,
643," Vinay Iconia, Gachibowli",1.25 crore,142.61 SqMeters,,2 Bedroom,
644," Vamsi Enclave, Hitech",90.53 lakhs,10000 SqFeet,905,3 Bedroom,
645," Accurate Windchimes, Narsingi",92 lakhs,110.09 SqMeters,,2 Bedroom,
646," Vinay Iconia, Gachibowli",2.15 crores,207.64 SqMeters,,3 Bedroom,
647," Ivy League, Kondapur",1.54 crore,81.75 SqMeters,,2 Bedroom,
648," Saket Pranaam, A",75 lakhs,95.5 SqMeters,,2 Bedroom,
649," Prajay Megapolis, Hitech",84 lakhs,117.52 SqMeters,,3 Bedroom,
650," Vinay Iconia, Gachibowli",1.4 crore,164.9 SqMeters,,3 Bedroom,
651," One City, Kukatpally",32 lakhs,60.39 SqMeters,,1 Bedroom,
652," Sarovar Zenith, Nallagandla",1.75 crore,119.31 SqMeters,,3 Bedroom,
653," RV Avaneendra, Miyapur",72 lakhs,111.48 SqMeters,,2 Bedroom,
654," Wiiz Lagoon, Nizampet",1.15 crore,143.16 SqMeters,,3 Bedroom,
655," Aditya Athena, Shaikpet",1.76 crore,136.16 SqMeters,,3 Bedroom,
656," Nivas Heights, Uppal",83 lakhs,150.41 SqMeters,,2 Bedroom,
657," Sarovar Zenith, Nallagandla",1.27 crore,139.82 SqMeters,,3 Bedroom,
658," High Fields, Nanakramguda",1.42 crore,139.35 SqMeters,,3 Bedroom,
659," Vaishnavi Oasis, Bandlaguda",92 lakhs,102.19 SqMeters,,3 Bedroom,
660," Empress Towers, Shaikpet",1.72 crore,195.1 SqMeters,,3 Bedroom,
661," High Fields, Nanakramguda",1.82 crore,126.91 SqMeters,,3 Bedroom,
662," Wiiz Lagoon, Nizampet",96 lakhs,120.31 SqMeters,,2 Bedroom,
663," Vinay Iconia, Gachibowli",2.25 crores,241.08 SqMeters,,3 Bedroom,
664," Time Waterfront, Patancheru",25 lakhs,115.2 SqMeters,,2 Bedroom,
665," Patel Smondo, Gachibowli",84.6 lakhs,104.05 SqMeters,,3 Bedroom,
666," Empire Meadows, Miyapur",1.5 crore,147.72 SqMeters,,3 Bedroom,
667," Nebula Aavaas, Miyapur",65.66 lakhs,107.77 SqMeters,,2 Bedroom,
668," Nebula Aavaas, Miyapur",68.96 lakhs,102.19 SqMeters,,2 Bedroom,
669," Nagarjuna Residency, Gachibowli",2.2 crores,204.39 SqMeters,,3 Bedroom,
670," Accurate Windchimes, Narsingi",1.04 crore,140.28 SqMeters,,3 Bedroom,
671," Jasmine County, Gachibowli",1.4 crore,161.65 SqMeters,,3 Bedroom,
672," Bonsai Homes, Tellapur",75 lakhs,1379 SqFeet,5439,3 Bedroom,
673," Lohitha Residency, Pragathi",73 lakhs,1500 SqFeet,4867,3 Bedroom,
674," Meadows II, Bibinagar",58 lakhs,1060 SqFeet,5472,2 Bedroom,
675," Janapriya Utopia, Attapur",30 lakhs,65.96 SqMeters,,2 Bedroom,
676," Sarovar Zenith, Nallagandla",1.75 crore,1960 SqFeet,8929,3 Bedroom,
677," Singapore Township, Pocharam",48 lakhs,1136 SqFeet,4225,2 Bedroom,
678," SBSV Avataar, Ramachandra",,1160 SqFeet,,2 Bedroom,
679," SBSV Avataar, Ramachandra",,1827 SqFeet,,3 Bedroom,
680," Singapore Township, Pocharam",,2227 SqFeet,,3 Bedroom,
681," Aditya Athena, Shaikpet",1.55 crore,2435 SqFeet,6366,3 Bedroom,
682," Aditya Athena, Shaikpet",65.92 lakhs,1030 SqFeet,6400,2 Bedroom,
683," Brigade Citadel, Moti",,1667 SqFeet,,3 Bedroom,
684," Provident Space, Rajendra",67 lakhs,1347 SqFeet,4974,3 Bedroom,
685," and Condos, Rajendra",29 lakhs,610 SqFeet,4754,2 Bedroom,
686," Lakeview Towers, Nizampet",53.5 lakhs,1335 SqFeet,4007,3 Bedroom,
687," Wiiz Lagoon, Nizampet",,2121 SqFeet,,3 Bedroom,
688," Aditya Lifestyle, Banjara",,5330 SqFeet,,4 Bedroom,
689," Le Grandiose, Jubilee",,4318 SqFeet,,3 Bedroom,
690," Casa Grande, Narsingi",,7300 SqFeet,,4 Bedroom,
691," SRR Pride, Bachupally",1.05 crore,1505 SqFeet,6999,3 Bedroom,
692," Richmond Villas, APPA",51.8 lakhs,1295 SqFeet,4000,2 Bedroom,
693," Krishna Enclave, Mallampet",28 lakhs,91.04 SqMeters,,2 Bedroom,
694," Vinay Iconia, Gachibowli",1.45 crore,149.57 SqMeters,,3 Bedroom,
695," Nagarjuna Residency, Gachibowli",2 crores,211.82 SqMeters,,3 Bedroom,
696," Vinay City, Miyapur",1.4 crore,2050 SqFeet,6829,4 Bedroom,
697," Vazhraa Vihhari, Manikonda",30 lakhs,1000 SqFeet,3000,2 Bedroom,
698," Jubilee Hills, Ghatkesar",33.32 lakhs,110.55 SqMeters,,2 Bedroom,
699," Jubilee Hills, Ghatkesar",42.8 lakhs,147.25 SqMeters,,3 Bedroom,
700," Sky Lounge, Kondapur",3.5 crores,339.1 SqMeters,,4 Bedroom,
701," DSR Lakeside, Gachibowli",1.7 crore,204.39 SqMeters,,3 Bedroom,
702," One City, Kukatpally",1 crore,112.97 SqMeters,,2 Bedroom,
703," Nebula Aavaas, Miyapur",19.21 lakhs,565 SqFeet,3400,1 Bedroom,
704," Nebula Aavaas, Miyapur",41.27 lakhs,1214 SqFeet,3400,2 Bedroom,
705," High Fields, Nanakramguda",1.52 crore,112.04 SqMeters,,3 Bedroom,
706," Prajay Megapolis, Hitech",63 lakhs,57.6 SqMeters,,2 Bedroom,
707," Jubilee Hills, Ghatkesar",42.75 lakhs,132.39 SqMeters,,3 Bedroom,
708," Quiescent Heights, Hitech",2.2 crores,211.35 SqMeters,,3 Bedroom,
709," Pranav Antilia, Bachupally",80.17 lakhs,1554 SqFeet,5159,3 Bedroom,
710," Vinay Iconia, Gachibowli",2.04 crores,223.9 SqMeters,,3 Bedroom,
711," Jubilee Hills, Ghatkesar",41.33 lakhs,132.39 SqMeters,,3 Bedroom,
712," Vista Heights, Mehdipatnam",42 lakhs,104.33 SqMeters,,2 Bedroom,
713," PBEL City, APPA",80 lakhs,118.92 SqMeters,,2 Bedroom,
714," Bhanu Township, Miyapur",65 lakhs,1830 SqFeet,3552,3 Bedroom,
715," Ivy League, Kondapur",2.75 crores,324.6 SqMeters,,4 Bedroom,
716," Nakshatra Pride, Narsingi",52.36 lakhs,1190 SqFeet,4400,2 Bedroom,
717," Empress Towers, Shaikpet",1.5 crore,184.88 SqMeters,,3 Bedroom,
718," Jubilee Hills, Ghatkesar",2.2 crores,176.52 SqMeters,,3 Bedroom,
719," Prajay Megapolis, Hitech",85 lakhs,109.53 SqMeters,,3 Bedroom,
720," Heritage Valley, Shadnagar",52.93 lakhs,1203 SqFeet,4400,3 Bedroom,
721," Ridge Springs, Gachibowli",1.5 crore,237.83 SqMeters,,4 Bedroom,
722," Aparna Sarovar, Nallagandla",62 lakhs,103.12 SqMeters,,2 Bedroom,
723," Accurate Windchimes, Narsingi",81.5 lakhs,116.13 SqMeters,,2 Bedroom,
724," Ivy League, Kondapur",2.72 crores,297.29 SqMeters,,4 Bedroom,
725," High Fields, Nanakramguda",2.5 crores,2729 SqFeet,9161,5 Bedroom,
726," Elegant Floatilla, Manikonda",92 lakhs,160.72 SqMeters,,3 Bedroom,
727," Ridge Springs, Gachibowli",2.1 crores,277.78 SqMeters,,4 Bedroom,
728," Vinay Iconia, Gachibowli",1.59 crore,187.48 SqMeters,,3 Bedroom,
729," Vinay Iconia, Gachibowli",90.08 lakhs,133.78 SqMeters,,2 Bedroom,
730," Jasmine County, Gachibowli",1.6 crore,186.27 SqMeters,,3 Bedroom,
731," Lansum Etania, Gachibowli",1.6 crore,228.54 SqMeters,,3 Bedroom,
732," Mayfair Villas, Tellapur",30 lakhs,900 SqFeet,3333,2 Bedroom,
733," Lohitha Residency, Pragathi",52.5 lakhs,1250 SqFeet,4200,2 Bedroom,
734," Luxor Park, Kondapur",2.46 crores,3075 SqFeet,8000,4 Bedroom,
735," Luxor Park, Kondapur",1.62 crore,2025 SqFeet,8000,3 Bedroom,
736," Accurate Windchimes, Narsingi",70 lakhs,101.26 SqMeters,,2 Bedroom,
737," Vinay Iconia, Gachibowli",1.24 crore,1908 SqFeet,6499,3 Bedroom,
738," Vinay Iconia, Gachibowli",1.9 crore,2925 SqFeet,6496,4 Bedroom,
739," Vazhraa Vihhari, Manikonda",1.12 crore,2010 SqFeet,5572,3 Bedroom,
740," Vazhraa Vihhari, Manikonda",70.56 lakhs,1260 SqFeet,5600,2 Bedroom,
741," Nakshatra Pride, Narsingi",53.41 lakhs,1723 SqFeet,3100,3 Bedroom,
742," Jade Greens, Shadnagar",1.2 crore,975 SqFeet,12308,2 Bedroom,
743," Jade Greens, Shadnagar",40 lakhs,475 SqFeet,8421,1 Bedroom,
744," Mayfair Villas, Tellapur",67.59 lakhs,1261 SqFeet,5360,2 Bedroom,
745," SSK Platinum, Miyapur",47.12 lakhs,1240 SqFeet,3800,2 Bedroom,
746," Provident Kenworth, Rajendra",94 lakhs,1900 SqFeet,4947,4 Bedroom,
747," Provident Kenworth, Rajendra",61.29 lakhs,1047 SqFeet,5854,3 Bedroom,
748," Provident Kenworth, Rajendra",51.89 lakhs,928 SqFeet,5592,2 Bedroom,
749," Provident Kenworth, Rajendra",22.79 lakhs,380 SqFeet,5997,1 Bedroom,
750," Empress Towers, Shaikpet",92 lakhs,1575 SqFeet,5841,3 Bedroom,
751," The Grove, Hitech",1.85 crore,2965 SqFeet,6239,4 Bedroom,
752," One Marvel, Kukatpally",59.11 lakhs,1620 SqFeet,3649,3 Bedroom,
753," One Marvel, Kukatpally",41.05 lakhs,1125 SqFeet,3649,2 Bedroom,
754," The Grove, Hitech",1.16 crore,1870 SqFeet,6203,3 Bedroom,
755," VB City, Bollarum",31.99 lakhs,842 SqFeet,3799,2 Bedroom,
756," Padmavathi Icon, Miyapur",,1080 SqFeet,,2 Bedroom,
757," Padmavathi Icon, Miyapur",,1320 SqFeet,,3 Bedroom,
758," Pacifica Hillcrest, Gachibowli",2.3 crores,210.52 SqMeters,,4 Bedroom,
759," Park Avenues, Chanda",1.15 crore,1700 SqMeters,,3 Bedroom,
760," Aparna Cyberzon, Nallagandla",1.25 crore,147.25 SqMeters,,3 Bedroom,
761," Urban One, Kokapet",1.96 crore,314.01 SqMeters,,4 Bedroom,
762," Patel Smondo, Gachibowli",93.13 lakhs,133.32 SqMeters,,3 Bedroom,
763," Ridge Springs, Gachibowli",1.79 crore,277.78 SqMeters,,4 Bedroom,
764," DSR Lakeside, Gachibowli",1.58 crore,221.57 SqMeters,,3 Bedroom,
765," Ivy League, Kondapur",2.73 crores,281.31 SqMeters,,4 Bedroom,
766," Aparna Sarovar, Nallagandla",1.65 crore,183.02 SqMeters,,3 Bedroom,
767," Ashoka Lakeside, Manikonda",86 lakhs,111.48 SqMeters,,2 Bedroom,
768," Casa Paradiso, Sanat",1.65 crore,148.64 SqMeters,,3 Bedroom,
769," Vinay City, Miyapur",66.24 lakhs,1380 SqFeet,4800,2 Bedroom,
770," One City, Kukatpally",89.98 lakhs,1475 SqFeet,6100,2 Bedroom,
771," One City, Kukatpally",1.5 crore,2595 SqFeet,5780,3 Bedroom,
772," One City, Kukatpally",1.55 crore,1931 SqFeet,8027,3 Bedroom,
773," One City, Kukatpally",1.26 crore,1860 SqFeet,6800,3 Bedroom,
774," One City, Kukatpally",1.09 crore,1740 SqFeet,6264,3 Bedroom,
775," One City, Kukatpally",70 lakhs,1300 SqFeet,5385,2 Bedroom,
776," One City, Kukatpally",77.51 lakhs,1592 SqFeet,4869,3 Bedroom,
777," One City, Kukatpally",30.5 lakhs,842 SqFeet,3622,2 Bedroom,
778," Hill Crest, Jubilee",40 lakhs,1200 SqFeet,3333,2 Bedroom,
779," Welkin Park, Begumpet",39 lakhs,840 SqFeet,4643,2 Bedroom,
780," Bonsai Homes, Tellapur",45 lakhs,1175 SqFeet,3830,2 Bedroom,
781," Le Park, Kondapur",1.6 crore,2300 SqFeet,6957,3 Bedroom,
782," Bonsai Homes, Tellapur",1.4 crore,1842 SqFeet,7600,3 Bedroom,
783," Richmond Villas, APPA",58 lakhs,1208 SqFeet,4801,2 Bedroom,
784," PBEL City, APPA",39 lakhs,842 SqFeet,4632,2 Bedroom,
785," Tranquil Towers, Kondapur",45 lakhs,1121 SqFeet,4014,2 Bedroom,
786," Vasavi Township, Malkajgiri",38.5 lakhs,1000 SqFeet,3850,2 Bedroom,
787," Pacifica Hillcrest, Gachibowli",95.5 lakhs,1215 SqFeet,7860,3 Bedroom,
788," Prime Meadows, Nizampet",80 lakhs,1800 SqFeet,4444,3 Bedroom,
789," Aryamitra Florina, Kokapet",49.53 lakhs,1270 SqFeet,3900,2 Bedroom,
790," Aryamitra Florina, Kokapet",74.95 lakhs,1922 SqFeet,3900,3 Bedroom,
791," Pacifica Hillcrest, Gachibowli",99.99 lakhs,1325 SqFeet,7546,2 Bedroom,
792," Vaishnavi Oasis, Bandlaguda",73.6 lakhs,1600 SqFeet,4600,3 Bedroom,
793," Vaishnavi Oasis, Bandlaguda",1.27 crore,2771 SqFeet,4583,4 Bedroom,
794," Vaishnavi Oasis, Bandlaguda",57 lakhs,1225 SqFeet,4653,2 Bedroom,
795," Pacifica Hillcrest, Gachibowli",1.17 crore,1600 SqFeet,7312,3 Bedroom,
796," Pacifica Hillcrest, Gachibowli",1.03 crore,1492 SqFeet,6903,4 Bedroom,
797," Executive Park, Bandlaguda",61.62 lakhs,1340 SqFeet,4598,3 Bedroom,
798," Urban One, Kokapet",1.47 crore,2540 SqFeet,5787,3 Bedroom,
799," Urban One, Kokapet",1.28 crore,3380 SqFeet,3787,4 Bedroom,
800," Urban One, Kokapet",1.14 crore,2630 SqFeet,4335,4 Bedroom,
801," Urban One, Kokapet",75 lakhs,1535 SqFeet,4886,3 Bedroom,
802," Koncept Botanika, Gachibowli",3.37 crores,3959 SqFeet,8512,4 Bedroom,
803," Koncept Botanika, Gachibowli",4.69 crores,6951 SqFeet,6747,5 Bedroom,
804," Jasmine County, Gachibowli",1.06 crore,1555 SqFeet,6817,3 Bedroom,
805," Jasmine County, Gachibowli",1.42 crore,2085 SqFeet,6811,3 Bedroom,
806," Aparna Cyberzon, Nallagandla",53.52 lakhs,1245 SqFeet,4299,2 Bedroom,
807," One Galaxia, Nallagandla",71.46 lakhs,1260 SqFeet,5671,2 Bedroom,
808," Aparna Cyberzon, Nallagandla",79.74 lakhs,1855 SqFeet,4299,3 Bedroom,
809," One Galaxia, Nallagandla",1.05 crore,1860 SqFeet,5645,3 Bedroom,
810," PBEL City, APPA",50.74 lakhs,1400 SqFeet,3624,2 Bedroom,
811," Prime Meadows, Nizampet",44.65 lakhs,1175 SqFeet,3800,2 Bedroom,
812," Tirumala Arcade, Hasmatpet",45 lakhs,1105 SqFeet,4072,2 Bedroom,
813," Ramky Towers, Gachibowli",60 lakhs,1265 SqFeet,4743,3 Bedroom,
814," Ramky Towers, Gachibowli",1 crore,1860 SqFeet,5376,3 Bedroom,
815," Serene County, Gachibowli",67.52 lakhs,1122 SqFeet,6018,2 Bedroom,
816," Krishna Enclave, Mallampet",42 lakhs,1000 SqYards,,2 Bedroom,
817," Modi Splendour, Gajularamaram",52 lakhs,1625 SqFeet,3200,3 Bedroom,
818," Aakruthi Shantiniketan, Kompalli",55 lakhs,1050 SqFeet,5238,2 Bedroom,
819," Skypx Heights, Secunderabad",17.4 lakhs,941 SqFeet,1849,2 Bedroom,
820," Skypx Heights, Secunderabad",22.97 lakhs,1242 SqFeet,1849,3 Bedroom,
821," Park Avenues, Chanda",89.28 lakhs,1670 SqFeet,5346,3 Bedroom,
822," Park Avenues, Chanda",55.04 lakhs,1150 SqFeet,4786,2 Bedroom,
823," phase I, Kukatpally",80 lakhs,1225 SqFeet,6531,3 Bedroom,
824," Accurate Windchimes, Narsingi",84.09 lakhs,1605 SqFeet,5239,3 Bedroom,
825," Accurate Windchimes, Narsingi",70 lakhs,1460 SqFeet,4795,2 Bedroom,
826," PBEL City, APPA",70 lakhs,1524 SqFeet,4593,2 Bedroom,
827," Ashoka Lakeside, Manikonda",58.07 lakhs,1335 SqFeet,4350,2 Bedroom,
828," Ashoka Lakeside, Manikonda",97.35 lakhs,2238 SqFeet,4350,3 Bedroom,
829," Prajay Megapolis, Hitech",90 lakhs,1501 SqFeet,5996,3 Bedroom,
830," Hill Crest, Jubilee",1.15 crore,1700 SqFeet,6765,3 Bedroom,
831," Hill Crest, Jubilee",1.15 crore,1760 SqFeet,6534,3 Bedroom,
832," Empire Meadows, Miyapur",45 lakhs,1250 SqFeet,3600,2 Bedroom,
833," City II, Ibrahimpatnam",28 lakhs,855 SqFeet,3275,2 Bedroom,
834," Ivy League, Kondapur",87 lakhs,1327 SqFeet,6556,2 Bedroom,
835," Ivy League, Kondapur",1.12 crore,1738 SqFeet,6444,3 Bedroom,
836," Ivy League, Kondapur",1.97 crore,3031 SqFeet,6500,4 Bedroom,
837," Sky Park, Srisailam",69.21 lakhs,1538 SqFeet,4500,3 Bedroom,
838," Rainbow Vistas, Hitech",1.25 crore,2160 SqFeet,5787,3 Bedroom,
839," Vintage Boulevard, Somajiguda",1 crore,1700 SqFeet,5882,3 Bedroom,
840," DSR Lakeside, Gachibowli",1.45 crore,2400 SqFeet,6042,3 Bedroom,
841,,95 lakhs,1590 SqFeet,5975,3 Bedroom,
842," Tranquil Towers, Kondapur",54 lakhs,1189 SqFeet,4542,2 Bedroom,
843," Lakshmi Residency, Nizampet",51.2 lakhs,1350 SqFeet,3793,3 Bedroom,
844," Atlantic Pearl, Miyapur",74 lakhs,1405 SqFeet,5267,3 Bedroom,
845," Gulmohar Gardens, Habshiguda",65 lakhs,1490 SqFeet,4362,3 Bedroom,
846," Vinay City, Miyapur",1.16 crore,1850 SqFeet,6270,3 Bedroom,
847," Sagar Residency, Moula",59.34 lakhs,1410 SqFeet,4209,3 Bedroom,
848," Green Hills, Chanda",70 lakhs,1640 SqFeet,4268,3 Bedroom,
849," Grand Neville, Aminpur",84 lakhs,2320 SqFeet,3621,3 Bedroom,
850," Imperial Heights, Hitech",1.5 crore,2100 SqFeet,7143,3 Bedroom,
851," Homes Panache, Gachibowli",57.14 lakhs,1270 SqFeet,4499,3 Bedroom,
852," Lanco Hills, Hitech",85 lakhs,1375 SqFeet,6182,3 Bedroom,
853," JR Residency, Sri",45 lakhs,1365 SqFeet,3297,3 Bedroom,
854," Aliens Elite, Miyapur",50 lakhs,1122 SqFeet,4456,,
855," High Fields, Nanakramguda",64.79 lakhs,1283 SqFeet,5050,2 Bedroom,
856," High Fields, Nanakramguda",89.49 lakhs,1772 SqFeet,5050,3 Bedroom,
857," High Fields, Nanakramguda",71.2 lakhs,1410 SqFeet,5050,2 Bedroom,
858," Homes Panache, Gachibowli",54.4 lakhs,1265 SqFeet,4300,2 Bedroom,
859," Sky Park, Srisailam",73 lakhs,1673 SqFeet,4363,3 Bedroom,
860," Aliens Elite, Miyapur",71 lakhs,1775 SqFeet,4000,3 Bedroom,
861," Happy Homes, Rajendra",33.5 lakhs,1195 SqFeet,2803,3 Bedroom,
862," Quiescent Heights, Hitech",1.73 crore,2985 SqFeet,5800,4 Bedroom,
863," Heights II, Secunderabad",40 - 60 lacs,1105 SqFeet,,2 Bedroom,
864," Quiescent Heights, Hitech",1.73 crore,2985 SqFeet,5800,4 Bedroom,
865," Casa Paradiso, Sanat",95 lakhs,1818 SqFeet,5226,3 Bedroom,
866," ARK Towers, Miyapur",,,,2 Bedroom,
867,,50 lakhs,1253 SqFeet,3990,3 Bedroom,
868," Imperial Heights, Hitech",40 - 60 lacs,1250 SqFeet,,2 Bedroom,
869," Carlton Creek, Gachibowli",1.05 crore,2100 SqFeet,5000,4 Bedroom,
870," Happy Homes, Rajendra",76 lakhs,1465 SqFeet,5188,3 Bedroom,
871,,60 lacs - 1 crore,1780 SqFeet,,3 Bedroom,
872," Prajay Megapolis, Hitech",41 lakhs,993 SqFeet,4129,2 Bedroom,
873," Saket Sriyam, Kapra",38.5 lakhs,900 SqFeet,4278,2 Bedroom,
874," Modi Splendour, Gajularamaram",22 lakhs,820 SqFeet,2683,2 Bedroom,
875," Fort View, Hydershakote",30.03 lakhs,1155 SqFeet,2600,2 Bedroom,
876," Nile Valley, Madinaguda",50 lakhs,1450 SqFeet,3448,3 Bedroom,
877," Modi Splendour, Gajularamaram",42.5 lakhs,1933 SqFeet,2199,3 Bedroom,
878,,49.5 lakhs,,,2 Bedroom,
879," Heights II, Secunderabad",45 lakhs,1300 SqFeet,3462,3 Bedroom,
880," Raghava Residency, Madinaguda",50 lakhs,1190 SqFeet,4202,2 Bedroom,
881," Lanco Hills, Hitech",2 - 2.5 crores,3300 SqFeet,,4 Bedroom,
882," Lanco Hills, Hitech",42.1 lakhs,,,2 Bedroom,
883," Nile Valley, Madinaguda",34 lakhs,1050 SqFeet,3238,2 Bedroom,
884," Waterfront City, Shameerpet",18.85 lakhs,835 SqFeet,2257,2 Bedroom,
885," Le Park, Kondapur",35 lakhs,1440 SqFeet,2431,3 Bedroom,
886," Imperial Heights, Hitech",75 lakhs,1490 SqFeet,5034,3 Bedroom,
887," Executive Park, Bandlaguda",65.74 lakhs,1730 SqFeet,3800,3 Bedroom,
888," Lanco Hills, Hitech",60 lacs - 1 crore,1195 SqFeet,,2 Bedroom,
889," Lansum Etania, Gachibowli",81.3 lakhs,1890 SqFeet,4302,3 Bedroom,
890," Vamsi Enclave, Hitech",39.22 lakhs,1060 SqFeet,3700,2 Bedroom,
891,,44.5 lakhs,1110 SqFeet,4009,2 Bedroom,
892," Janapriya Metropolis, Moti",28.7 lakhs,850 SqFeet,3376,2 Bedroom,
893," Janapriya Metropolis, Moti",42.1 lakhs,1250 SqFeet,3368,3 Bedroom,
894," Aliens Elite, Miyapur",78 lakhs,2020 SqFeet,3861,3 Bedroom,
895," Coconut Grove, Miyapur",43.5 lakhs,1094 SqFeet,3976,2 Bedroom,
896," Aditya Sunshine, Kondapur",1.2 crore,2120 SqFeet,5660,3 Bedroom,
897," Gardenia Towers, Bowenplly",52 lakhs,1900 SqFeet,2737,3 Bedroom,
898," Nivas Heights, Uppal",49 lakhs,1555 SqFeet,3151,3 Bedroom,
899," Gulmohar Gardens, Habshiguda",45.5 lakhs,1150 SqFeet,3957,3 Bedroom,
900," Vinay City, Miyapur",63 lakhs,1600 SqFeet,3938,3 Bedroom,
901," Empire Meadows, Miyapur",48 lakhs,1200 SqFeet,4000,3 Bedroom,
902," Grand Neville, Aminpur",36 lakhs,1161 SqFeet,3101,2 Bedroom,
903," Lanco Hills, Hitech",90 lakhs,1568 SqFeet,5740,3 Bedroom,
904," JR Residency, Sri",72.9 lakhs,1250 SqFeet,5832,3 Bedroom,
905," Lodha Meridian, Kukatpally",1.4 crore,1854 SqFeet,7551,3 Bedroom,
906," Anu Residency, Kondapur",40 lakhs,1280 SqFeet,3125,3 Bedroom,
907," Anu Residency, Kondapur",31.3 lakhs,1130 SqFeet,2770,2 Bedroom,
908," Lodha Meridian, Kukatpally",95 lakhs,1252 SqFeet,7588,2 Bedroom,
909," Imperial Heights, Hitech",65 lakhs,1490 SqFeet,4362,3 Bedroom,
910," Imperial Heights, Hitech",81 lakhs,2000 SqFeet,4050,3 Bedroom,
911,,65 lakhs,1480 SqFeet,4392,3 Bedroom,
912," Vinay City, Miyapur",60 lacs - 1 crore,1940 SqFeet,,3 Bedroom,
913," Dream Land, Kompalli",29 lakhs,,,2 Bedroom,
914," Lifespaces Ashvita, Kukatpally",62.97 lakhs,1262 SqFeet,4990,2 Bedroom,
915," Grand Neville, Aminpur",57 lakhs,1579 SqFeet,3610,3 Bedroom,
916," Saket Sriyam, Kapra",36 lakhs,1241 SqFeet,2901,2 Bedroom,
917," Anu Residency, Kondapur",39.8 lakhs,1075 SqFeet,3702,2 Bedroom,
918," Serene County, Gachibowli",1.65 crore,1853 SqFeet,8904,3 Bedroom,
919," Nagarjuna Residency, Gachibowli",1.65 crore,2430 SqFeet,6790,3 Bedroom,
920," SRR Heights, Bachupally",75 lakhs,1500 SqFeet,5000,3 Bedroom,
921," Anu Residency, Kondapur",21 lakhs,800 SqFeet,2625,2 Bedroom,
922," Bhanu Township, Miyapur",36.8 lakhs,1200 SqFeet,3067,2 Bedroom,
923," Kalki Heights, Madinaguda",44 lakhs,1140 SqFeet,3860,2 Bedroom,
924," Lansum Etania, Gachibowli",,1890 SqFeet,,3 Bedroom,
925," Heights III, Hasmatpet",26 lakhs,1200 SqFeet,2167,2 Bedroom,
926," Lodha Meridian, Kukatpally",1.35 crore,2259 SqFeet,5976,3 Bedroom,
927," Lodha Meridian, Kukatpally",1.6 crore,2259 SqFeet,7083,3 Bedroom,
928," Lodha Meridian, Kukatpally",85 lakhs,1278 SqFeet,6651,2 Bedroom,
929," Lodha Belleza, KPHB",3.3 crores,4761 SqFeet,6931,4 Bedroom,
930," Royal Woods, Kismatpur",1.8 crore,2804 SqFeet,6419,4 Bedroom,
931," Gulmohar Gardens, Habshiguda",39 lakhs,1300 SqFeet,3000,3 Bedroom,
932," Saket Sriyam, Kapra",58 lakhs,1784 SqFeet,3251,3 Bedroom,
933," Lakshmi Residency, Nizampet",38 lakhs,1116 SqFeet,3405,2 Bedroom,
934," One Kosmos, Gachibowli",62.4 lakhs,1560 SqFeet,4000,3 Bedroom,
935," Quiescent Heights, Hitech",2.84 crores,4375 SqFeet,6500,5 Bedroom,
936," Lodha Belleza, KPHB",2.25 crores,3499 SqFeet,6430,3 Bedroom,
937," Majestic Homes, KPHB",72 lakhs,1199 SqFeet,6005,2 Bedroom,
938," Nile Valley, Madinaguda",50 lakhs,1485 SqFeet,3367,3 Bedroom,
939," Lanco Hills, Hitech",1.35 crore,2500 SqFeet,5400,3 Bedroom,
940," Elegant Floatilla, Manikonda",45.6 lakhs,1300 SqFeet,3508,2 Bedroom,
941," ARK Towers, Miyapur",42.5 lakhs,1125 SqFeet,3778,2 Bedroom,
942," Serene County, Gachibowli",1.2 crore,1500 SqFeet,8000,3 Bedroom,
943," Lansum Etania, Gachibowli",91.8 lakhs,2135 SqFeet,4300,3 Bedroom,
944," Janapriya Utopia, Attapur",21 lakhs,800 SqFeet,2625,2 Bedroom,
945," Anu Residency, Kondapur",46 lakhs,1550 SqFeet,2968,3 Bedroom,
946," Mantri Celestia, Gachibowli",60.7 lakhs,970 SqFeet,6258,2 Bedroom,
947," Aparna Sarovar, Nallagandla",1 crore,1800 SqFeet,5556,3 Bedroom,
948," Carlton Creek, Gachibowli",67 lakhs,1384 SqFeet,4841,3 Bedroom,
949," Bhanu Township, Miyapur",38 lakhs,1060 SqFeet,3585,2 Bedroom,
950," Mantri Celestia, Gachibowli",67.5 lakhs,1025 SqFeet,6585,2 Bedroom,
951," Nagarjuna Residency, Gachibowli",3.5 crores,4860 SqFeet,7202,4 Bedroom,
952," Raheja Vistas, Nacharam",36 lakhs,930 SqFeet,3871,2 Bedroom,
953," Lodha Belleza, KPHB",3.15 crores,4761 SqFeet,6616,4 Bedroom,
954," Aditya Sunshine, Kondapur",1.55 crore,2485 SqFeet,6237,3 Bedroom,
955," Happy Homes, Rajendra",35 lakhs,1318 SqFeet,2656,3 Bedroom,
956," Green Grace, Gachibowli",2 crores,3050 SqFeet,6557,3 Bedroom,
957," The Nest, Kukatpally",53 lakhs,1205 SqFeet,4398,2 Bedroom,
958," Mantri Celestia, Gachibowli",,1198 SqFeet,,3 Bedroom,
959," Lanco Hills, Hitech",1.65 crore,3147 SqFeet,5243,4 Bedroom,
960," Janapriya Arcadia, Alwal",30 lakhs,1250 SqFeet,2400,3 Bedroom,
961," Lakshmi Residency, Nizampet",59 lakhs,1095 SqFeet,5388,2 Bedroom,
962," Lanco Hills, Hitech",1.55 crore,,,4 Bedroom,
963," Lodha Belleza, KPHB",2.5 crores,2850 SqFeet,8772,3 Bedroom,
964," Carlton Creek, Gachibowli",61.3 lakhs,1364 SqFeet,4494,2 Bedroom,
965," Carlton Creek, Gachibowli",62 lakhs,1380 SqFeet,4493,3 Bedroom,
966," Lanco Hills, Hitech",1.4 crore,1940 SqFeet,7216,3 Bedroom,
967," ARK Towers, Miyapur",38 lakhs,1510 SqFeet,2517,3 Bedroom,
968," Waterfront City, Shameerpet",12 lakhs,750 SqFeet,1600,,
969," Vinay Fountainhead, Hydernagar",90 lakhs,1905 SqFeet,4724,3 Bedroom,
970," One Kosmos, Gachibowli",75 lakhs,1590 SqFeet,4717,3 Bedroom,
971," Carlton Creek, Gachibowli",47.3 lakhs,1053 SqFeet,4492,2 Bedroom,
972," Aparna Sarovar, Nallagandla",,3800 SqFeet,,4 Bedroom,
973," Carlton Creek, Gachibowli",40 - 60 lacs,1334 SqFeet,,2 Bedroom,
974," Carlton Creek, Gachibowli",40 - 60 lacs,1083 SqFeet,,2 Bedroom,
975," Carlton Creek, Gachibowli",40 - 60 lacs,944 SqFeet,,2 Bedroom,
976," Carlton Creek, Gachibowli",60 lacs - 1 crore,2300 SqFeet,,4 Bedroom,
977," Carlton Creek, Gachibowli",1 - 1.5 crores,2500 SqFeet,,4 Bedroom,
978," Carlton Creek, Gachibowli",60 lacs - 1 crore,1800 SqFeet,,3 Bedroom,
979," Lodha Meridian, Kukatpally",1.42 crore,1900 SqFeet,7474,3 Bedroom,
980," Janapriya Metropolis, Moti",25 lakhs,715 SqFeet,3497,2 Bedroom,
981," Tranquil Towers, Kondapur",1.5 crore,3099 SqFeet,4840,3 Bedroom,
982," Fortune Fields, Hitech",,1856 SqFeet,,3 Bedroom,
983," Janapriya Metropolis, Moti",39 lakhs,1125 SqFeet,3467,3 Bedroom,
984," Janapriya Metropolis, Moti",50.7 lakhs,1460 SqFeet,3473,3 Bedroom,
985," SRR Heights, Bachupally",22 lakhs,930 SqFeet,2366,2 Bedroom,
986," Lanco Hills, Hitech",69.7 lakhs,1270 SqFeet,5488,2 Bedroom,
987," Mantri Celestia, Gachibowli",,850 SqFeet,,2 Bedroom,
988," JR Residency, Sri",32 lakhs,844 SqFeet,3791,2 Bedroom,
989," La Gardenia, Miyapur",55 lakhs,1770 SqFeet,3107,3 Bedroom,
990," Vertex Pleasant, Kukatpally",47.62 lakhs,1270 SqFeet,3750,2 Bedroom,
991," Vertex Pleasant, Kukatpally",55.5 lakhs,1480 SqFeet,3750,2 Bedroom,
992," Vertex Pleasant, Kukatpally",62.81 lakhs,1675 SqFeet,3750,3 Bedroom,
993," Vertex Pleasant, Kukatpally",72.94 lakhs,1945 SqFeet,3750,3 Bedroom,
994," Lanco Hills, Hitech",2.2 crores,3143 SqFeet,7000,4 Bedroom,
995," Green Grace, Gachibowli",1.26 crore,2300 SqFeet,5478,3 Bedroom,
996," Quiescent Heights, Hitech",26.99 lakhs,1200 SqFeet,2249,2 Bedroom,
997," Lodha Meridian, Kukatpally",75 lakhs,1476 SqFeet,5081,2 Bedroom,
998," Serene County, Gachibowli",14.82 lakhs,741 SqFeet,2000,2 Bedroom,
999," Lodha Meridian, Kukatpally",75 lakhs,1350 SqFeet,5556,2 Bedroom,
1000," Banjara Hills, Hyderabad",3.9 crores,3388 SqFeet,11500,3 Bedroom,18 minutes ago
1001," Banjara Hills, Hyderabad",2.85 crores,2477 SqFeet,11500,3 Bedroom,18 minutes ago
1002," Station Township, Gachibowli",99 lakhs,1894 SqFeet,5227,3 Bedroom,
1003," Station Township, Gachibowli",99 lakhs,1784 SqFeet,5549,3 Bedroom,
1004," Station Township, Gachibowli",99 lakhs,1687 SqFeet,5868,3 Bedroom,
1005," Station Township, Gachibowli",96 lakhs,124.86 SqMeters,,3 Bedroom,
1006," Station Township, Gachibowli",99 lakhs,1432 SqFeet,6913,3 Bedroom,
1007," Station Township, Gachibowli",99 lakhs,2191 SqFeet,4518,3 Bedroom,
1008," Nagar Colony, Hyderabad",1.25 crore,1920 SqFeet,6510,3 Bedroom,Yesterday
1009," Banjara Hills, Hyderabad",2.76 crores,2400 SqFeet,11500,3 Bedroom,3 days ago
1010," in Attapur, Hyderabad",2.14 crores,2680 SqFeet,8000,3 Bedroom,3 days ago
1011," in Patelguda, Hyderabad",38.58 lakhs,988 SqFeet,3905,2 Bedroom,4 days ago
1012," in Muthangi, Hyderabad",30.5 lakhs,888 SqFeet,3435,2 Bedroom,5 days ago
1013," in Muthangi, Hyderabad",33.88 lakhs,909 SqFeet,3727,2 Bedroom,6 days ago
1014," in Muthangi, Hyderabad",36.2 lakhs,966 SqMeters,,2 Bedroom,6 days ago
1015," in Kistareddypet, Hyderabad",44.2 lakhs,954 SqFeet,4633,2 Bedroom,6 days ago
1016," in Satamrai, Hyderabad",44 lakhs,800 SqFeet,5500,2 Bedroom,6 days ago
1017," in Indresham, Hyderabad",35.2 lakhs,977 SqFeet,3603,2 Bedroom,6 days ago
1018," in Patelguda, Hyderabad",45.5 lakhs,1000 SqFeet,4550,2 Bedroom,6 days ago
1019," in Beeramguda, Hyderabad",45.05 lakhs,1088 SqFeet,4141,2 Bedroom,6 days ago
1020," in Gopanapalli, Hyderabad",1.17 crore,1890 SqFeet,6199,3 Bedroom,6 days ago
1021," in Attapur, Hyderabad",1.31 crore,1640 SqFeet,8000,3 Bedroom,6 days ago
1022," Reddy Nagar, Hyderabad",40 - 60 lacs,1100 SqFeet,,2 Bedroom,5 days ago
1023," Station Township, Gachibowli",,1432 SqFeet,,2 Bedroom,
1024," in Patancheru, Hyderabad",32.18 lakhs,900 SqFeet,3576,2 Bedroom,7 days ago
1025," Banjara Hills, Hyderabad",3.9 crores,3388 SqFeet,11500,3 Bedroom,18 minutes ago
1026," Banjara Hills, Hyderabad",2.85 crores,2477 SqFeet,11500,3 Bedroom,18 minutes ago
1027," Station Township, Gachibowli",99 lakhs,1894 SqFeet,5227,3 Bedroom,
1028," Station Township, Gachibowli",99 lakhs,1784 SqFeet,5549,3 Bedroom,
1029," Station Township, Gachibowli",99 lakhs,1687 SqFeet,5868,3 Bedroom,
1030," Station Township, Gachibowli",96 lakhs,124.86 SqMeters,,3 Bedroom,
1031," Station Township, Gachibowli",99 lakhs,1432 SqFeet,6913,3 Bedroom,
1032," Station Township, Gachibowli",99 lakhs,2191 SqFeet,4518,3 Bedroom,
1033," Nagar Colony, Hyderabad",1.25 crore,1920 SqFeet,6510,3 Bedroom,Yesterday
1034," Banjara Hills, Hyderabad",2.76 crores,2400 SqFeet,11500,3 Bedroom,3 days ago
1035," in Attapur, Hyderabad",2.14 crores,2680 SqFeet,8000,3 Bedroom,3 days ago
1036," in Patelguda, Hyderabad",38.58 lakhs,988 SqFeet,3905,2 Bedroom,4 days ago
1037," in Muthangi, Hyderabad",30.5 lakhs,888 SqFeet,3435,2 Bedroom,5 days ago
1038," in Muthangi, Hyderabad",33.88 lakhs,909 SqFeet,3727,2 Bedroom,6 days ago
1039," in Muthangi, Hyderabad",36.2 lakhs,966 SqMeters,,2 Bedroom,6 days ago
1040," in Kistareddypet, Hyderabad",44.2 lakhs,954 SqFeet,4633,2 Bedroom,6 days ago
1041," in Satamrai, Hyderabad",44 lakhs,800 SqFeet,5500,2 Bedroom,6 days ago
1042," in Indresham, Hyderabad",35.2 lakhs,977 SqFeet,3603,2 Bedroom,6 days ago
1043," in Patelguda, Hyderabad",45.5 lakhs,1000 SqFeet,4550,2 Bedroom,6 days ago
1044," in Beeramguda, Hyderabad",45.05 lakhs,1088 SqFeet,4141,2 Bedroom,6 days ago
1045," in Gopanapalli, Hyderabad",1.17 crore,1890 SqFeet,6199,3 Bedroom,6 days ago
1046," in Attapur, Hyderabad",1.31 crore,1640 SqFeet,8000,3 Bedroom,6 days ago
1047," Reddy Nagar, Hyderabad",40 - 60 lacs,1100 SqFeet,,2 Bedroom,5 days ago
1048," Station Township, Gachibowli",,1432 SqFeet,,2 Bedroom,
1049," in Patancheru, Hyderabad",32.18 lakhs,900 SqFeet,3576,2 Bedroom,7 days ago
1050," Banjara Hills, Hyderabad",3.9 crores,3388 SqFeet,11500,3 Bedroom,18 minutes ago
1051," Banjara Hills, Hyderabad",2.85 crores,2477 SqFeet,11500,3 Bedroom,18 minutes ago
1052," Station Township, Gachibowli",99 lakhs,1894 SqFeet,5227,3 Bedroom,
1053," Station Township, Gachibowli",99 lakhs,1784 SqFeet,5549,3 Bedroom,
1054," Station Township, Gachibowli",99 lakhs,1687 SqFeet,5868,3 Bedroom,
1055," Station Township, Gachibowli",96 lakhs,124.86 SqMeters,,3 Bedroom,
1056," Station Township, Gachibowli",99 lakhs,1432 SqFeet,6913,3 Bedroom,
1057," Station Township, Gachibowli",99 lakhs,2191 SqFeet,4518,3 Bedroom,
1058," Nagar Colony, Hyderabad",1.25 crore,1920 SqFeet,6510,3 Bedroom,Yesterday
1059," Banjara Hills, Hyderabad",2.76 crores,2400 SqFeet,11500,3 Bedroom,3 days ago
1060," in Attapur, Hyderabad",2.14 crores,2680 SqFeet,8000,3 Bedroom,3 days ago
1061," in Patelguda, Hyderabad",38.58 lakhs,988 SqFeet,3905,2 Bedroom,4 days ago
1062," in Muthangi, Hyderabad",30.5 lakhs,888 SqFeet,3435,2 Bedroom,5 days ago
1063," in Muthangi, Hyderabad",33.88 lakhs,909 SqFeet,3727,2 Bedroom,6 days ago
1064," in Muthangi, Hyderabad",36.2 lakhs,966 SqMeters,,2 Bedroom,6 days ago
1065," in Kistareddypet, Hyderabad",44.2 lakhs,954 SqFeet,4633,2 Bedroom,6 days ago
1066," in Satamrai, Hyderabad",44 lakhs,800 SqFeet,5500,2 Bedroom,6 days ago
1067," in Indresham, Hyderabad",35.2 lakhs,977 SqFeet,3603,2 Bedroom,6 days ago
1068," in Patelguda, Hyderabad",45.5 lakhs,1000 SqFeet,4550,2 Bedroom,6 days ago
1069," in Beeramguda, Hyderabad",45.05 lakhs,1088 SqFeet,4141,2 Bedroom,6 days ago
1070," in Gopanapalli, Hyderabad",1.17 crore,1890 SqFeet,6199,3 Bedroom,6 days ago
1071," in Attapur, Hyderabad",1.31 crore,1640 SqFeet,8000,3 Bedroom,6 days ago
1072," Reddy Nagar, Hyderabad",40 - 60 lacs,1100 SqFeet,,2 Bedroom,5 days ago
1073," Station Township, Gachibowli",,1432 SqFeet,,2 Bedroom,
1074," in Patancheru, Hyderabad",32.18 lakhs,900 SqFeet,3576,2 Bedroom,7 days ago
1075," Banjara Hills, Hyderabad",3.9 crores,3388 SqFeet,11500,3 Bedroom,18 minutes ago
1076," Banjara Hills, Hyderabad",2.85 crores,2477 SqFeet,11500,3 Bedroom,18 minutes ago
1077," Station Township, Gachibowli",99 lakhs,1894 SqFeet,5227,3 Bedroom,
1078," Station Township, Gachibowli",99 lakhs,1784 SqFeet,5549,3 Bedroom,
1079," Station Township, Gachibowli",99 lakhs,1687 SqFeet,5868,3 Bedroom,
1080," Station Township, Gachibowli",96 lakhs,124.86 SqMeters,,3 Bedroom,
1081," Station Township, Gachibowli",99 lakhs,1432 SqFeet,6913,3 Bedroom,
1082," Station Township, Gachibowli",99 lakhs,2191 SqFeet,4518,3 Bedroom,
1083," Nagar Colony, Hyderabad",1.25 crore,1920 SqFeet,6510,3 Bedroom,Yesterday
1084," Banjara Hills, Hyderabad",2.76 crores,2400 SqFeet,11500,3 Bedroom,3 days ago
1085," in Attapur, Hyderabad",2.14 crores,2680 SqFeet,8000,3 Bedroom,3 days ago
1086," in Patelguda, Hyderabad",38.58 lakhs,988 SqFeet,3905,2 Bedroom,4 days ago
1087," in Muthangi, Hyderabad",30.5 lakhs,888 SqFeet,3435,2 Bedroom,5 days ago
1088," in Muthangi, Hyderabad",33.88 lakhs,909 SqFeet,3727,2 Bedroom,6 days ago
1089," in Muthangi, Hyderabad",36.2 lakhs,966 SqMeters,,2 Bedroom,6 days ago
1090," in Kistareddypet, Hyderabad",44.2 lakhs,954 SqFeet,4633,2 Bedroom,6 days ago
1091," in Satamrai, Hyderabad",44 lakhs,800 SqFeet,5500,2 Bedroom,6 days ago
1092," in Indresham, Hyderabad",35.2 lakhs,977 SqFeet,3603,2 Bedroom,6 days ago
1093," in Patelguda, Hyderabad",45.5 lakhs,1000 SqFeet,4550,2 Bedroom,6 days ago
1094," in Beeramguda, Hyderabad",45.05 lakhs,1088 SqFeet,4141,2 Bedroom,6 days ago
1095," in Gopanapalli, Hyderabad",1.17 crore,1890 SqFeet,6199,3 Bedroom,6 days ago
1096," in Attapur, Hyderabad",1.31 crore,1640 SqFeet,8000,3 Bedroom,6 days ago
1097," Reddy Nagar, Hyderabad",40 - 60 lacs,1100 SqFeet,,2 Bedroom,5 days ago
1098," Station Township, Gachibowli",,1432 SqFeet,,2 Bedroom,
1099," in Patancheru, Hyderabad",32.18 lakhs,900 SqFeet,3576,2 Bedroom,7 days ago
1100," Banjara Hills, Hyderabad",3.9 crores,3388 SqFeet,11500,3 Bedroom,18 minutes ago
1101," Banjara Hills, Hyderabad",2.85 crores,2477 SqFeet,11500,3 Bedroom,18 minutes ago
1102," Station Township, Gachibowli",99 lakhs,1894 SqFeet,5227,3 Bedroom,
1103," Station Township, Gachibowli",99 lakhs,1784 SqFeet,5549,3 Bedroom,
1104," Station Township, Gachibowli",99 lakhs,1687 SqFeet,5868,3 Bedroom,
1105," Station Township, Gachibowli",96 lakhs,124.86 SqMeters,,3 Bedroom,
1106," Station Township, Gachibowli",99 lakhs,1432 SqFeet,6913,3 Bedroom,
1107," Station Township, Gachibowli",99 lakhs,2191 SqFeet,4518,3 Bedroom,
1108," Nagar Colony, Hyderabad",1.25 crore,1920 SqFeet,6510,3 Bedroom,Yesterday
1109," Banjara Hills, Hyderabad",2.76 crores,2400 SqFeet,11500,3 Bedroom,3 days ago
1110," in Attapur, Hyderabad",2.14 crores,2680 SqFeet,8000,3 Bedroom,3 days ago
1111," in Patelguda, Hyderabad",38.58 lakhs,988 SqFeet,3905,2 Bedroom,4 days ago
1112," in Muthangi, Hyderabad",30.5 lakhs,888 SqFeet,3435,2 Bedroom,5 days ago
1113," in Muthangi, Hyderabad",33.88 lakhs,909 SqFeet,3727,2 Bedroom,6 days ago
1114," in Muthangi, Hyderabad",36.2 lakhs,966 SqMeters,,2 Bedroom,6 days ago
1115," in Kistareddypet, Hyderabad",44.2 lakhs,954 SqFeet,4633,2 Bedroom,6 days ago
1116," in Satamrai, Hyderabad",44 lakhs,800 SqFeet,5500,2 Bedroom,6 days ago
1117," in Indresham, Hyderabad",35.2 lakhs,977 SqFeet,3603,2 Bedroom,6 days ago
1118," in Patelguda, Hyderabad",45.5 lakhs,1000 SqFeet,4550,2 Bedroom,6 days ago
1119," in Beeramguda, Hyderabad",45.05 lakhs,1088 SqFeet,4141,2 Bedroom,6 days ago
1120," in Gopanapalli, Hyderabad",1.17 crore,1890 SqFeet,6199,3 Bedroom,6 days ago
1121," in Attapur, Hyderabad",1.31 crore,1640 SqFeet,8000,3 Bedroom,6 days ago
1122," Reddy Nagar, Hyderabad",40 - 60 lacs,1100 SqFeet,,2 Bedroom,5 days ago
1123," Station Township, Gachibowli",,1432 SqFeet,,2 Bedroom,
1124," in Patancheru, Hyderabad",32.18 lakhs,900 SqFeet,3576,2 Bedroom,7 days ago
1125," Banjara Hills, Hyderabad",3.9 crores,3388 SqFeet,11500,3 Bedroom,18 minutes ago
1126," Banjara Hills, Hyderabad",2.85 crores,2477 SqFeet,11500,3 Bedroom,18 minutes ago
1127," Station Township, Gachibowli",99 lakhs,1894 SqFeet,5227,3 Bedroom,
1128," Station Township, Gachibowli",99 lakhs,1784 SqFeet,5549,3 Bedroom,
1129," Station Township, Gachibowli",99 lakhs,1687 SqFeet,5868,3 Bedroom,
1130," Station Township, Gachibowli",96 lakhs,124.86 SqMeters,,3 Bedroom,
1131," Station Township, Gachibowli",99 lakhs,1432 SqFeet,6913,3 Bedroom,
1132," Station Township, Gachibowli",99 lakhs,2191 SqFeet,4518,3 Bedroom,
1133," Nagar Colony, Hyderabad",1.25 crore,1920 SqFeet,6510,3 Bedroom,Yesterday
1134," Banjara Hills, Hyderabad",2.76 crores,2400 SqFeet,11500,3 Bedroom,3 days ago
1135," in Attapur, Hyderabad",2.14 crores,2680 SqFeet,8000,3 Bedroom,3 days ago
1136," in Patelguda, Hyderabad",38.58 lakhs,988 SqFeet,3905,2 Bedroom,4 days ago
1137," in Muthangi, Hyderabad",30.5 lakhs,888 SqFeet,3435,2 Bedroom,5 days ago
1138," in Muthangi, Hyderabad",33.88 lakhs,909 SqFeet,3727,2 Bedroom,6 days ago
1139," in Muthangi, Hyderabad",36.2 lakhs,966 SqMeters,,2 Bedroom,6 days ago
1140," in Kistareddypet, Hyderabad",44.2 lakhs,954 SqFeet,4633,2 Bedroom,6 days ago
1141," in Satamrai, Hyderabad",44 lakhs,800 SqFeet,5500,2 Bedroom,6 days ago
1142," in Indresham, Hyderabad",35.2 lakhs,977 SqFeet,3603,2 Bedroom,6 days ago
1143," in Patelguda, Hyderabad",45.5 lakhs,1000 SqFeet,4550,2 Bedroom,6 days ago
1144," in Beeramguda, Hyderabad",45.05 lakhs,1088 SqFeet,4141,2 Bedroom,6 days ago
1145," in Gopanapalli, Hyderabad",1.17 crore,1890 SqFeet,6199,3 Bedroom,6 days ago
1146," in Attapur, Hyderabad",1.31 crore,1640 SqFeet,8000,3 Bedroom,6 days ago
1147," Reddy Nagar, Hyderabad",40 - 60 lacs,1100 SqFeet,,2 Bedroom,5 days ago
1148," Station Township, Gachibowli",,1432 SqFeet,,2 Bedroom,
1149," in Patancheru, Hyderabad",32.18 lakhs,900 SqFeet,3576,2 Bedroom,7 days ago
1150," Banjara Hills, Hyderabad",3.9 crores,3388 SqFeet,11500,3 Bedroom,18 minutes ago
1151," Banjara Hills, Hyderabad",2.85 crores,2477 SqFeet,11500,3 Bedroom,18 minutes ago
1152," Station Township, Gachibowli",99 lakhs,1894 SqFeet,5227,3 Bedroom,
1153," Station Township, Gachibowli",99 lakhs,1784 SqFeet,5549,3 Bedroom,
1154," Station Township, Gachibowli",99 lakhs,1687 SqFeet,5868,3 Bedroom,
1155," Station Township, Gachibowli",96 lakhs,124.86 SqMeters,,3 Bedroom,
1156," Station Township, Gachibowli",99 lakhs,1432 SqFeet,6913,3 Bedroom,
1157," Station Township, Gachibowli",99 lakhs,2191 SqFeet,4518,3 Bedroom,
1158," Nagar Colony, Hyderabad",1.25 crore,1920 SqFeet,6510,3 Bedroom,Yesterday
1159," Banjara Hills, Hyderabad",2.76 crores,2400 SqFeet,11500,3 Bedroom,3 days ago
1160," in Attapur, Hyderabad",2.14 crores,2680 SqFeet,8000,3 Bedroom,3 days ago
1161," in Patelguda, Hyderabad",38.58 lakhs,988 SqFeet,3905,2 Bedroom,4 days ago
1162," in Muthangi, Hyderabad",30.5 lakhs,888 SqFeet,3435,2 Bedroom,5 days ago
1163," in Muthangi, Hyderabad",33.88 lakhs,909 SqFeet,3727,2 Bedroom,6 days ago
1164," in Muthangi, Hyderabad",36.2 lakhs,966 SqMeters,,2 Bedroom,6 days ago
1165," in Kistareddypet, Hyderabad",44.2 lakhs,954 SqFeet,4633,2 Bedroom,6 days ago
1166," in Satamrai, Hyderabad",44 lakhs,800 SqFeet,5500,2 Bedroom,6 days ago
1167," in Indresham, Hyderabad",35.2 lakhs,977 SqFeet,3603,2 Bedroom,6 days ago
1168," in Patelguda, Hyderabad",45.5 lakhs,1000 SqFeet,4550,2 Bedroom,6 days ago
1169," in Beeramguda, Hyderabad",45.05 lakhs,1088 SqFeet,4141,2 Bedroom,6 days ago
1170," in Gopanapalli, Hyderabad",1.17 crore,1890 SqFeet,6199,3 Bedroom,6 days ago
1171," in Attapur, Hyderabad",1.31 crore,1640 SqFeet,8000,3 Bedroom,6 days ago
1172," Reddy Nagar, Hyderabad",40 - 60 lacs,1100 SqFeet,,2 Bedroom,5 days ago
1173," Station Township, Gachibowli",,1432 SqFeet,,2 Bedroom,
1174," in Patancheru, Hyderabad",32.18 lakhs,900 SqFeet,3576,2 Bedroom,7 days ago
1175," Banjara Hills, Hyderabad",3.9 crores,3388 SqFeet,11500,3 Bedroom,18 minutes ago
1176," Banjara Hills, Hyderabad",2.85 crores,2477 SqFeet,11500,3 Bedroom,18 minutes ago
1177," Station Township, Gachibowli",99 lakhs,1894 SqFeet,5227,3 Bedroom,
1178," Station Township, Gachibowli",99 lakhs,1784 SqFeet,5549,3 Bedroom,
1179," Station Township, Gachibowli",99 lakhs,1687 SqFeet,5868,3 Bedroom,
1180," Station Township, Gachibowli",96 lakhs,124.86 SqMeters,,3 Bedroom,
1181," Station Township, Gachibowli",99 lakhs,1432 SqFeet,6913,3 Bedroom,
1182," Station Township, Gachibowli",99 lakhs,2191 SqFeet,4518,3 Bedroom,
1183," Nagar Colony, Hyderabad",1.25 crore,1920 SqFeet,6510,3 Bedroom,Yesterday
1184," Banjara Hills, Hyderabad",2.76 crores,2400 SqFeet,11500,3 Bedroom,3 days ago
1185," in Attapur, Hyderabad",2.14 crores,2680 SqFeet,8000,3 Bedroom,3 days ago
1186," in Patelguda, Hyderabad",38.58 lakhs,988 SqFeet,3905,2 Bedroom,4 days ago
1187," in Muthangi, Hyderabad",30.5 lakhs,888 SqFeet,3435,2 Bedroom,5 days ago
1188," in Muthangi, Hyderabad",33.88 lakhs,909 SqFeet,3727,2 Bedroom,6 days ago
1189," in Muthangi, Hyderabad",36.2 lakhs,966 SqMeters,,2 Bedroom,6 days ago
1190," in Kistareddypet, Hyderabad",44.2 lakhs,954 SqFeet,4633,2 Bedroom,6 days ago
1191," in Satamrai, Hyderabad",44 lakhs,800 SqFeet,5500,2 Bedroom,6 days ago
1192," in Indresham, Hyderabad",35.2 lakhs,977 SqFeet,3603,2 Bedroom,6 days ago
1193," in Patelguda, Hyderabad",45.5 lakhs,1000 SqFeet,4550,2 Bedroom,6 days ago
1194," in Beeramguda, Hyderabad",45.05 lakhs,1088 SqFeet,4141,2 Bedroom,6 days ago
1195," in Gopanapalli, Hyderabad",1.17 crore,1890 SqFeet,6199,3 Bedroom,6 days ago
1196," in Attapur, Hyderabad",1.31 crore,1640 SqFeet,8000,3 Bedroom,6 days ago
1197," Reddy Nagar, Hyderabad",40 - 60 lacs,1100 SqFeet,,2 Bedroom,5 days ago
1198," Station Township, Gachibowli",,1432 SqFeet,,2 Bedroom,
1199," in Patancheru, Hyderabad",32.18 lakhs,900 SqFeet,3576,2 Bedroom,7 days ago
1200," Banjara Hills, Hyderabad",3.9 crores,3388 SqFeet,11500,3 Bedroom,18 minutes ago
1201," Banjara Hills, Hyderabad",2.85 crores,2477 SqFeet,11500,3 Bedroom,18 minutes ago
1202," Station Township, Gachibowli",99 lakhs,1894 SqFeet,5227,3 Bedroom,
1203," Station Township, Gachibowli",99 lakhs,1784 SqFeet,5549,3 Bedroom,
1204," Station Township, Gachibowli",99 lakhs,1687 SqFeet,5868,3 Bedroom,
1205," Station Township, Gachibowli",96 lakhs,124.86 SqMeters,,3 Bedroom,
1206," Station Township, Gachibowli",99 lakhs,1432 SqFeet,6913,3 Bedroom,
1207," Station Township, Gachibowli",99 lakhs,2191 SqFeet,4518,3 Bedroom,
1208," Nagar Colony, Hyderabad",1.25 crore,1920 SqFeet,6510,3 Bedroom,Yesterday
1209," Banjara Hills, Hyderabad",2.76 crores,2400 SqFeet,11500,3 Bedroom,3 days ago
1210," in Attapur, Hyderabad",2.14 crores,2680 SqFeet,8000,3 Bedroom,3 days ago
1211," in Patelguda, Hyderabad",38.58 lakhs,988 SqFeet,3905,2 Bedroom,4 days ago
1212," in Muthangi, Hyderabad",30.5 lakhs,888 SqFeet,3435,2 Bedroom,5 days ago
1213," in Muthangi, Hyderabad",33.88 lakhs,909 SqFeet,3727,2 Bedroom,6 days ago
1214," in Muthangi, Hyderabad",36.2 lakhs,966 SqMeters,,2 Bedroom,6 days ago
1215," in Kistareddypet, Hyderabad",44.2 lakhs,954 SqFeet,4633,2 Bedroom,6 days ago
1216," in Satamrai, Hyderabad",44 lakhs,800 SqFeet,5500,2 Bedroom,6 days ago
1217," in Indresham, Hyderabad",35.2 lakhs,977 SqFeet,3603,2 Bedroom,6 days ago
1218," in Patelguda, Hyderabad",45.5 lakhs,1000 SqFeet,4550,2 Bedroom,6 days ago
1219," in Beeramguda, Hyderabad",45.05 lakhs,1088 SqFeet,4141,2 Bedroom,6 days ago
1220," in Gopanapalli, Hyderabad",1.17 crore,1890 SqFeet,6199,3 Bedroom,6 days ago
1221," in Attapur, Hyderabad",1.31 crore,1640 SqFeet,8000,3 Bedroom,6 days ago
1222," Reddy Nagar, Hyderabad",40 - 60 lacs,1100 SqFeet,,2 Bedroom,5 days ago
1223," Station Township, Gachibowli",,1432 SqFeet,,2 Bedroom,
1224," in Patancheru, Hyderabad",32.18 lakhs,900 SqFeet,3576,2 Bedroom,7 days ago
1225," Banjara Hills, Hyderabad",3.9 crores,3388 SqFeet,11500,3 Bedroom,18 minutes ago
1226," Banjara Hills, Hyderabad",2.85 crores,2477 SqFeet,11500,3 Bedroom,18 minutes ago
1227," Station Township, Gachibowli",99 lakhs,1894 SqFeet,5227,3 Bedroom,
1228," Station Township, Gachibowli",99 lakhs,1784 SqFeet,5549,3 Bedroom,
1229," Station Township, Gachibowli",99 lakhs,1687 SqFeet,5868,3 Bedroom,
1230," Station Township, Gachibowli",96 lakhs,124.86 SqMeters,,3 Bedroom,
1231," Station Township, Gachibowli",99 lakhs,1432 SqFeet,6913,3 Bedroom,
1232," Station Township, Gachibowli",99 lakhs,2191 SqFeet,4518,3 Bedroom,
1233," Nagar Colony, Hyderabad",1.25 crore,1920 SqFeet,6510,3 Bedroom,Yesterday
1234," Banjara Hills, Hyderabad",2.76 crores,2400 SqFeet,11500,3 Bedroom,3 days ago
1235," in Attapur, Hyderabad",2.14 crores,2680 SqFeet,8000,3 Bedroom,3 days ago
1236," in Patelguda, Hyderabad",38.58 lakhs,988 SqFeet,3905,2 Bedroom,4 days ago
1237," in Muthangi, Hyderabad",30.5 lakhs,888 SqFeet,3435,2 Bedroom,5 days ago
1238," in Muthangi, Hyderabad",33.88 lakhs,909 SqFeet,3727,2 Bedroom,6 days ago
1239," in Muthangi, Hyderabad",36.2 lakhs,966 SqMeters,,2 Bedroom,6 days ago
1240," in Kistareddypet, Hyderabad",44.2 lakhs,954 SqFeet,4633,2 Bedroom,6 days ago
1241," in Satamrai, Hyderabad",44 lakhs,800 SqFeet,5500,2 Bedroom,6 days ago
1242," in Indresham, Hyderabad",35.2 lakhs,977 SqFeet,3603,2 Bedroom,6 days ago
1243," in Patelguda, Hyderabad",45.5 lakhs,1000 SqFeet,4550,2 Bedroom,6 days ago
1244," in Beeramguda, Hyderabad",45.05 lakhs,1088 SqFeet,4141,2 Bedroom,6 days ago
1245," in Gopanapalli, Hyderabad",1.17 crore,1890 SqFeet,6199,3 Bedroom,6 days ago
1246," in Attapur, Hyderabad",1.31 crore,1640 SqFeet,8000,3 Bedroom,6 days ago
1247," Reddy Nagar, Hyderabad",40 - 60 lacs,1100 SqFeet,,2 Bedroom,5 days ago
1248," Station Township, Gachibowli",,1432 SqFeet,,2 Bedroom,
1249," in Patancheru, Hyderabad",32.18 lakhs,900 SqFeet,3576,2 Bedroom,7 days ago
